إذاعة القرآن الكريم من القاهرة	http://n12.radiojar.com/8s5u5tpdtwzuv?listening-from-radio-garden=1620219571863&rj-tok=AAABeTyl2zYARSWbLVnrEOlqGw&rj-ttl=5	0	Other
Mosaique FM	http://radio.mosaiquefm.net:8000/mosalive	0	Other
Intense Radio - We love Dance 256K	https://secure.live-streams.nl/main	0	Other
Retro Rádió	https://icast.connectmedia.hu/5001/live.mp3	0	Other
Radio 9090 90.9	http://9090streaming.mobtada.com/9090FMEGYPT	0	Other
OM Kalthom أم كلثوم	https://stream.zeno.fm/zsgrfxg71s8uv	0	Other
 إذاعة مشاري العفاسي	https://qurango.net/radio/mishary_alafasi	0	Other
إذاعة محمود خليل الحصري	https://qurango.net/radio/mahmoud_khalil_alhussary_warsh	0	Other
Sana’a Radio راديو صنعاء	https://dc5.serverse.com/proxy/pbmhbvxs/stream	0	Other
sham fm	http://66.248.205.220:8400/stream	0	Other
Rádió 1	https://icast.connectmedia.hu/5201/live.mp3	0	Other
Radio Aswat	http://broadcast.ice.infomaniak.ch/aswat-high.mp3?.mp3	0	Other
Radio Plus Agadir FM 92.4	https://stream-158.zeno.fm/bqdbb6hd0neuv	0	Other
إذاعة مصطفى إسماعيل	https://qurango.net/radio/mustafa_ismail	0	Other
إذاعة ياسر الدوسري	https://qurango.net/radio/yasser_aldosari	0	Other
Al araby	https://l3.itworkscdn.net/alarabyradiolive/alarabyradio_audio/icecast.audio	0	Other
SumerFm Iraq	https://l3.itworkscdn.net/itwaudio/9012/stream	0	Other
Energy NRJ Bulgaria	http://play.global.audio/nrj128	0	Other
Abdel Halim Hafez عبدالحليم حافظ	https://stream.zeno.fm/8a4eqkd0pnhvv	0	Other
إذاعة القرآن الكريم (القاهرة)	https://stream.radiojar.com/8s5u5tpdtwzuv	0	Other
Radio Orient	https://stream.rcs.revma.com/7hnrkawf4p8uv.mp3	0	Other
Arab Mix Drama	https://stream.zeno.fm/egynebf171zuv.acc	0	Other
اذاعة الحادي والعشرين من سبتمبر	http://procyon.shoutca.st:8488/index	0	Other
Radio Liban Libre	https://edge.mixlr.com/channel/qtqeb	0	Other
Radio Maharani	https://streamasiacdn.atc-labs.com/radiomaharani.aac	0	Other
Klubrádió 95,3	https://a7.asurahosting.com:8160/radio.mp3	0	Other
Jil FM	https://radiojeunesse.ice.infomaniak.ch/jeunesse.mp3	0	Other
Supreme Master TV	https://radio.suprememastertv.com/128K	0	Other
Afaq FM  راديو آفاق	http://edge.mixlr.com/channel/rumps	0	Other
Quran Radio Station-Nablus	http://www.quran-radio.org:8002/	0	Other
Al Arabiya FM	https://fm.alarabiya.net/fm/myStream/playlist.m3u8	0	Other
Sam FM	http://edge.mixlr.com/channel/kijwr	0	Other
فيروز	https://stream.zeno.fm/9vrahqqfuuhvv	0	Other
Elissa FM	https://stream.zeno.fm/v7n499m8ckhvv	0	Other
KnOOz FM	http://streaming.knoozfm.net:8000/knoozfm	0	Other
Saudi Quran	http://stream.radiojar.com/0tpy1h0kxtzuv	0	Other
Sky Arabia News TV	http://stream.skynewsarabia.com/hls/sna_720.m3u8	0	News
Syria TV - راديو تلفزيون سوريا	https://stream2.syria.fm/syriatv1live/syriatv_audio/icecast.audio	0	Other
---تراتيل قصيرة متميزة---	https://qurango.net/radio/tarateel	0	Other
Quran Radio راديو القرآن - Abdulbasit Abdulsamad - عبدالباسط عبدالصمد	https://radio.mp3islam.com/listen/abdulbasit/radio.mp3	0	Other
Rap Lbeldi Maroc - Hip Hop Music from Morocco FR AR	https://stream.zeno.fm/ivdufrl7q0quv	0	Music
Radio El Bahdja	https://radioelbahdja.ice.infomaniak.ch/elbahdja.mp3	0	Other
Noor Al-Eman	http://edge.mixlr.com/channel/boaht	0	Other
Radio Nasaem راديو نسائم	https://stream.zeno.fm/u1wbm3k7gxquv	0	Other
Hit Radio (Morocco)	https://hitradio-maroc.ice.infomaniak.ch/hitradio-maroc-128.mp3	0	Other
القران الكريم من القاهره1	http://n0e.radiojar.com/8s5u5tpdtwzuv?rj=&rj-tok=AAABg5BDP0EA2ElNLJYUJTsVcg&rj-ttl=5	0	Other
FM 90 Saladillo FM 90.7	https://chino.republicahosting.com:2316/live	0	Other
Radio Hits 88.2 Cairo	https://radiohits882.radioca.st/;	0	Other
Algérie Chaine 1	https://radiochaine1.ice.infomaniak.ch/chaine1.mp3	0	Other
Ethio FM 107.8	https://stream.zeno.fm/72y045deqeruv	0	Other
راديو الشيخ محمد المقرمي إذاعة (هندسة القلوب)	https://s1.reliastream.com/proxy/almaqrami?mp=/stream	0	Other
Rayan FM	https://broadcast.shoutstream.co.uk:8078/stream	0	Other
Ajyal - Palestine	https://streamer.mada.ps:8208/ajyal	0	Other
إذاعة السنة	http://andromeda.shoutca.st:8189/live	0	Other
Tayf Fm - راديو طيف - صدى السوريين	https://stream.zeno.fm/xbohf8qf5uauv	0	Other
Radio Kledu	https://stream.zeno.fm/f38bxpt3v2quv	0	Other
Radio Manarat	https://listen.radioking.com/radio/252934/stream/297385	0	Other
MEDI 1 RADIO	https://cdn.live.easybroadcast.io/live/83_medi1radio-maghreb_8s9i4bn/playlist.m3u8	0	Other
قناة الجزيرة	https://live-hls-web-aja.getaj.net/AJA/06.m3u8	0	Other
راديو الغد، alghad FM	http://s10.voscast.com:9410/	0	Other
Farah FM	https://radio.farah.fm/	0	Other
صوت المقاومة	https://node-23.zeno.fm/b67qheuk54zuv	0	Other
Adwaafm	http://stream.zeno.fm/5bxh2nh0x1zuv?1681882617017	0	Other
Aljazeera Arabic	https://live-hls-web-aja.getaj.net/AJA/index.m3u8	0	Other
Fairuz فيروز	https://stream.zeno.fm/xkhnk4vee18uv	0	Other
Radio Adrar	https://radioadrar.ice.infomaniak.ch/adrar.mp3	0	Other
Voice of Lebanon (Sawtlebnan) Radio	https://l3.itworkscdn.net/itwaudio/9054/stream	0	Other
Radio Tunisie Sfax	http://rtstream.tanitweb.com/sfax	0	Other
Radio 1 (Bulgaria)	http://149.13.0.81/radio1.ogg	0	Other
Radio Sangwari	https://servidor19.brlogic.com:7002/live	0	Other
Radio 10	https://radio10.stweb.tv/radio10/live/playlist.m3u8	0	Other
Al Karma FM	https://broadcast.shoutstream.co.uk/stream/8112	0	Other
Sham FM	https://radioshamfm.grtvstream.com:8400/;	0	Other
City HipHop R&B	https://play.global.audio/cityrabhi.aac	0	Other
MegaDance Rádió	http://megadanceradio.hopto.org:8000/livemega.mp3	0	Other
Alseraj Radio Quran	http://192.99.170.8:5550/stream	0	Other
Alseraj Radio Islam	https://eu4.fastcast4u.com/proxy/aabdul00?mp=/1	0	Other
Radio Exterior de España	https://dispatcher.rndfnk.com/crtve/rneree/main/mp3/high	0	Other
Radio القارئ علي حجاج السويسي	http://live.mp3quran.net:9842/	0	Other
91.7FM Al Nour Radio - 91.9 / 92.2    إذاعة النور :: رائدة الصوت والكلمة :: بيروت - لبنان	http://audiostreaming.itworkscdn.com:9066/	0	Other
Kossuth Rádió	http://mr-stream.mediaconnect.hu/4734/mr1.aac	0	Other
Zitouna Zitouna FM	https://radio.radiotunisienne.tn/radiozaitouna	0	Other
Classical 古典音樂台 FM 97.7	http://59.120.88.155:8000/live.mp3	0	Music
Huna Aden FM	https://c30.radioboss.fm:18267/stream	0	Other
Quran Radio راديو القرآن - Muhammad Al-Minshawi محمد صديق المنشاوي	https://radio.mp3islam.com/listen/minshawi/radio.mp3	0	Other
Aswat FM	https://broadcast.ice.infomaniak.ch/aswat-high.mp3	0	Other
رحبانيات	https://stream.zeno.fm/4g8xck48kfhvv	0	Other
Legendy FM	http://live.legendy.by:8000/legendyfm	0	Other
Inforádió	http://stream.infostart.hu/lejatszo/index.html?sid=1	0	Other
Mp3Quran Main	https://qurango.net/radio/mix	0	Other
 صوت كل لبنان	https://audio.osina.cloud:9323/stream	0	Other
إذاعة القرآن الكريم (مكة المكرمة)	https://edge.mixlr.com/channel/rwumx	0	Other
Radio Mojdeh - Iranian Farsi/Persian Christian music and talk	https://ic2326.c1261.fastserv.com/rm128	0	Music
Adeem	https://usa19.fastcast4u.com/adeem	0	Other
Fame FM Lebanon	https://l3.itworkscdn.net/itwaudio/9044/stream	0	Other
