RAC1	https://playerservices.streamtheworld.com/api/livestream-redirect/RAC_1.mp3	0	Other
RAC1 +1	https://playerservices.streamtheworld.com/api/livestream-redirect/RAC_MES_1.mp3	0	Other
Catalunya Informació (Catinfo)	https://shoutcast.ccma.cat/ccma/catalunyainformacioHD.mp3	0	Other
Cadena SER - Ràdio Barcelona	https://playerservices.streamtheworld.com/api/livestream-redirect/SER_BARCELONA.mp3	0	Other
Flaix FM	https://stream.flaixfm.cat/icecast	0	Other
Café del Mar CALM	https://streamer.radio.co/sb748f24ad/listen	0	Other
RAC105	https://playerservices.streamtheworld.com/api/livestream-redirect/RAC105.mp3	0	Other
Flaix FM Andorra	https://streaming.giraweb.com/8020/stream	0	Other
Digital Hits FM	https://dhits.frilab.com:8443/dhits	0	Other
Cadena SER Radio MADRID	http://server7.20comunicacion.com:8040/	0	Other
Los 40 Catalunya	http://playerservices.streamtheworld.com/api/livestream-redirect/LOS40_CAT_SC	0	Other
À Punt	https://fastly.live.brightcove.com/1854461588069069227/eu-central-1/6057955885001/eyJhbGciOiJIUzI1NiIsInR5cCI6IkpXVCJ9.eyJob3N0IjoiZWFxNWh4LmVncmVzcy53YzQ3bTEiLCJhY2NvdW50X2lkIjoiNjA1Nzk1NTg4NTAwMSIsImVobiI6ImZhc3RseS5saXZlLmJyaWdodGNvdmUuY29tIiwiaXNzIjoiYmxpdmUtcGxheWJhY2stc291cmNlLWFwaSIsInN1YiI6InBhdGhtYXB0b2tlbiIsImF1ZCI6WyI2MDU3OTU1ODg1MDAxIl0sImp0aSI6IjE4NTQ0NjE1ODgwNjkwNjkyMjcifQ.RKqA-z0MRntFVph2G3tE9YzBp7vfdMXcynOKpyqvZTg/playlist-hls-dvr.m3u8	0	Other
Remember the music FM 96.6	https://eu1.lhdserver.es:9041/stream	0	Music
Catalunya Música (CatMúsica)	https://shoutcast.ccma.cat/ccma/catalunyamusicaHD.mp3	0	Other
FlaixBAC	https://stream.flaixbac.cat/icecast	0	Other
Flaixbac Andorra	https://streaming.giraweb.com/8010/stream	0	Other
Radio Murta	https://stream.recasound.es/proxy/radiomurta/stream	0	Other
Ràdio Olot	http://chrome.frilab.com:8000/radiolot	0	Other
Radio Marca Barcelona 2	https://radiomarcabcnmedia.dns-lcinternet.com:9000/stream	0	Other
Cadena SER Radio Menorca	http://server10.emitironline.com:8040/	0	Other
iCat FM	https://shoutcast.ccma.cat/ccma/icatHD.mp3	0	Other
Radio DOS 84	http://188.93.73.7:8064/	0	Other
Alzira ràdio 107.9 FM	https://alziraradiomob.streaming-pro.com:6172/alziraradio.mp3	0	Other
Free FM Classics	https://xxdelgado.radioca.st/	0	Other
Mataró Ràdio	https://relay.stream.enacast-cloud.com:30049/mataroradioHD.mp3	0	Other
Catalunya Música	https://directes-radio-int.3catdirectes.cat/live-content/catalunya-musica-hls/bitrate_1.m3u8	0	Other
Comboi - La ràdio de la terreta	https://stream.emisorasmusicales.net/listen/comboi/comboi.mp3	0	Other
Ràdio Capital	http://streaming.martiproduccions.com:8000/capitalhd	0	Other
Eixample Barcelona Radio	https://directe.eixamplebarcelonaradio.com:8443/radioOnline	0	Other
Taronja ràdio Girona	https://radio.martiproduccions.com/listen/taronjagirona/taronjagirona	0	Other
IdòFM	https://ido.omedia.cat/listen/idofm/idofm.mp3	0	Other
Remember Ràdio Joventut	https://stream.idelta.es/listen/radio_joventut/stream	0	Other
staronlineradio	https://strcdn.klm99.com/8100/stream	0	Other
IB3 Ràdio Mallorca	https://icecast.ib3radio.com/ib3radio.mp3	0	Other
Radio 90	https://giss.tv:666/r90.mp3	0	Other
Ràdio Ciutat de Badalona	https://enacast.com/radiob/streams/HD	0	Other
Radio Salut Catalunya	https://51.38.57.199:9001/stream	0	Other
Ràdio Tàrrega	https://enacast.com/radiotarrega/streams/HD	0	Other
Radio Hostafrancs 	https://radiohostafrancs.cat/directe.mp3	0	Other
Radio Vila-real	https://pr1cen101.emisionlocal.com/proxy/radiovilareal?mp=/live	0	Other
Ràdio Vilablareix	https://enacast.com/radiovilablareix/streams/SD	0	Other
Antena 2000	https://eu1.fastcast4u.com/proxy/antena2000?mp=/1	0	Other
Alpicat Ràdio	https://enacast.com/alpicatradio/streams/SD	0	Other
Ona Mediterrània	https://streaming.enacast.com/onamediterrania128.mp3	0	Other
Pollença 	https://stream.recasound.es/proxy/radiopollensa/stream	0	Other
Radio Malva 104.9FM	http://radiomalva.ddns.net:8000/rmbc.ogg	0	Other
Radio SantVi 107.4FM	https://dhits.frilab.com:8443/santvi	0	Other
Ràdio Sant Fruitós	https://ascella.streamerr.co/listen/radiosantfruitos/radio.mp3	0	Other
IB3 Ràdio Menorca	http://streaming01.ib3radio.com:8000/ib3radio_menorca	0	Other
Ràdio Arrels	http://stream.radios-arra.fr:8000/radioarrels	0	Other
VILASSAR RADIO	https://relay.stream.enacast-cloud.com:40226/radiovilassardemarHD.mp3?us_privacy=1YNY56.mp3	0	Other
Esplugues FM	https://antares.dribbcast.com/proxy/espluguesfm?mp=/stream	0	Other
Radio Balear 99.9 Palma de Mallorca	http://server6.20comunicacion.com:8076/	0	Other
RAP 107	http://relay.stream.enacast-cloud.com:30048/rap56.mp3	0	Other
Ràdio Arenys de Munt	https://enacast.com/radioarenysdemunt/streams/HD	0	Other
Alcúdia Ràdio	https://enacast.com/alcudiaradio/streams/HD	0	Other
Radio Santa Susanna	http://uk14freenew.listen2myradio.com:28229/	0	Other
Ràdio Arenys	http://streaming.enantena.com:8000/radioarenysdemar128.mp3	0	Other
Ràdio Cornellà	https://enacast.com/radiocornella/streams/SD	0	Other
Ràdio l'Hospitalet de l'Infant	https://streaming.enacast.com/radiohospitalet56.mp3	0	Other
Altafulla Ràdio	https://enacast.com/altafullaradio/streams/HD	0	Other
La Plana Ràdio	https://enacast.com/laplanaradio/streams/HD	0	Other
Ona Cat Ràdio	https://server8.emitironline.com:10824/	0	Other
Ona Malgrat	http://streaming.enantena.com:8000/onamalgrat128.mp3	0	Other
RNE Radio 5 Barcelona	https://f111.rndfnk.com/star/crtve/rne5/bcn/aac/128/stream.aac?cid=01GEP66PD2Z35HZMWWYTNPZDNA&sid=3FcfW2W3jdWkXz7vkD72zU2Ngq6&token=LHRzylmDW8bb20dv4Y5loVc683Q4WaYIA3aHusJnd9Q&tvf=VK9SHi5cvBhmMTExLnJuZGZuay5jb20	0	Other
Ràdio Altea	https://enacast.com/radioaltea/streams/HD	0	Other
Ràdio Llançà	https://relay.stream.enacast-cloud.com:40323/radiollancaHD.mp3	0	Other
Ràdio Palafrugell	https://radio.martiproduccions.com/radiopalafrugell	0	Other
Ràdio Pineda	http://streaming.enantena.com:8000/radiopineda56.mp3	0	Other
Tarragona Ràdio	https://enacast.com/tarragonaradio/streams/SD	0	Other
Antena Caro	http://streaming.enantena.com:8000/antenacaro128.mp3	0	Other
Ràdio Ponts	https://enacast.com/radioponts/streams/HD	0	Other
Montserrat Ràdio	https://enacast.com/radioabadiademontserrat/streams/HD	0	Other
Ràdio Platja d'Aro	http://stream.internetgirona.com:8008/onair	0	Other
Canal Blau	https://enacast.com/canalblau/streams/SD	0	Other
Radio Valencianismo	https://stream.zeno.fm/oqux7fanb3lvv	0	Other
Ràdio Abrera	http://streaming.enantena.com:8000/radioabrera128.mp3	0	Other
Ràdio l'Om	http://radiolom.es:8800/;stream.mp3	0	Other
Ràdio Sentmenat	https://enacast.com/radiosentmenat/streams/HD	0	Other
Xtra FM	http://stream.internetgirona.com:8000/;	0	Other
Calafell Ràdio	http://streaming.enantena.com:8000/calafellradio128.mp3?_=1	0	Other
Ràdio el Vendrell	https://enacast.com/rtvelvendrell/streams/SD	0	Other
Ràdio Pego 107.8	http://www.radiopego.com:8000/stream	0	Other
Ràdio Premià de Mar	http://streaming.enantena.com:8000/radiopremiademar128.mp3	0	Other
Ràdio Seu	https://streaming.enacast.com/radiolaseu128.mp3	0	Other
Ràdio Silenci	http://streaming.enacast.com:8000/radiosilenci56.mp3	0	Other
Cugat Ràdio	http://directe.cugat.cat/directeHQ.mp3	0	Other
Fórmula CAT	https://stream.nuvolacast.com/listen/cat/radio.mp3	0	Other
Ràdio Balaguer	http://79.148.125.91:8020/;stream.nsv	0	Other
Ràdio Manlleu	https://enacast.com/radiomanlleu/streams/HD	0	Other
Ràdio Puig-reig	https://enacast.com/puigreig/streams/SD	0	Other
Ràdio Riba-roja	https://enacast.com/radioribarroja/streams/SD	0	Other
Ràdio la Selva	https://streaming.enacast.com/radiolaselva56.mp3	0	Other
Ràdio Marina	http://streaming.enantena.com:8000/radiomarina128.mp3	0	Other
Ràdio Ràpita	https://enacast.com/radiorapita/streams/SD	0	Other
Ràdio Ulldecona	https://enacast.com/radioulldecona/streams/HD	0	Other
TotRàdio	http://www.totradio.com:8000/128kbps	0	Other
Ràdio Gavà	https://streaming.enacast.com/radiogava56.mp3	0	Other
Ràdio Mollet	http://streaming.enantena.com:8000/radiomollet56.mp3	0	Other
