Radio Swiss Jazz	http://stream.srg-ssr.ch/m/rsj/mp3_128	0	Music
1.FM - Deep House Radio	http://strm112.1.fm/deephouse_mobile_mp3	0	Other
SRF 3	http://stream.srg-ssr.ch/m/drs3/mp3_128	0	Other
1.FM - Deep Techno & Deep House	http://strm112.1.fm/deeptech_mobile_mp3	0	Other
1.FM - Amsterdam Trance Radio	http://strm112.1.fm/atr_mobile_mp3	0	Other
1.FM - Ambient Psychill	http://strm112.1.fm/ambientpsy_mobile_mp3	0	Other
Radio Swiss Pop	http://stream.srg-ssr.ch/m/rsp/mp3_128	0	Music
SRF 4 News	http://stream.srg-ssr.ch/m/drs4news/mp3_128	0	News
RTS La Première	http://stream.srg-ssr.ch/m/la-1ere/mp3_128	0	Other
Radio Swiss Classic German	http://stream.srg-ssr.ch/m/rsc_de/mp3_128	0	Other
Energy Zürich (NRJ)	http://broadcast.infomaniak.ch/energyzuerich-high.mp3	0	Other
Jazz | Radio Swiss	https://stream.srg-ssr.ch/m/rsj/mp3_128	0	Music
1.FM - Blues Radio	http://strm112.1.fm/blues_mobile_mp3	0	Other
Radio Swiss Classic	http://stream.srg-ssr.ch/m/rsc_it/mp3_128	0	Other
1.FM - Otto's Baroque Music Radio	http://strm112.1.fm/baroque_mobile_mp3	0	Music
1.FM - Classic Country Radio	http://strm112.1.fm/ccountry_mobile_mp3	0	Other
Vintage Radio	https://vintageradio.ice.infomaniak.ch/vintageradio-high.mp3	0	Other
1.FM - Classic Rock Replay Radio	http://strm112.1.fm/crock_mobile_mp3	0	Music
1.FM - Absolute Country Hits Radio	http://strm112.1.fm/acountry_mobile_mp3	0	Other
Radio Swiss Jazz	http://stream.srg-ssr.ch/m/rsj/aacp_96	0	Music
1.FM - Bay Smooth Jazz Radio	http://strm112.1.fm/smoothjazz_mobile_mp3	0	Music
1.FM - BOM Psytrance Radio	http://strm112.1.fm/psytrance_mobile_mp3	0	Other
Radio Swiss Pop	http://stream.srg-ssr.ch/srgssr/rsp/aac/96	0	Music
Kontrafunk (AAC 64)	https://s5.radio.co/sca4082ebb/low	0	Other
Radio SRF 3	https://stream.srg-ssr.ch/m/drs3/aacp_96	0	Other
UZIC.CH :: TECHNO - MINIMAL :: best of electronic with techno minimal electro house and progressive	https://uzic.ice.infomaniak.ch/uzic-128.aac	0	Other
Radio SRF 3	https://stream.srg-ssr.ch/m/drs3/aacp_32	0	Other
Radio Pilatus	https://stream.streambase.ch/radiopilatus/mp3-192/chmedia/	0	Other
Couleur3	http://stream.srg-ssr.ch/m/couleur3/aacp_96	0	Other
RADIO ARGOVIA	https://stream.streambase.ch/argovia/mp3-192/direct/	0	Other
Energy Bern	https://energybern.ice.infomaniak.ch/energybern-high.mp3	0	Other
Radio Zürisee	https://mp3.radio.ch/radiozuerisee256k	0	Other
Radio24	https://stream.streambase.ch/radio24/mp3-192/direct/	0	Other
Ambi Nature Radio	https://nature-rex.radioca.st/stream	0	Other
80s Forever - We Keep The 80s Alive	https://premium.shoutcastsolutions.com/radio/8050/256.mp3	0	Other
1.FM - Ibiza Chill Tropical	http://strm112.1.fm/ibizachill_mobile_mp3?aw_0_req.gdpr=true	0	Other
1.fm Otto's Baroque music	http://strm112.1.fm/baroque_mobile_aac	0	Music
1.FM - Rock Classics Radio	http://strm112.1.fm/rockclassics_mobile_mp3	0	Music
Pop | Radio Swiss	https://stream.srg-ssr.ch/m/rsp/mp3_128	0	Music
1.FM - Alternative Rock X Hits Radio	http://strm112.1.fm/x_mobile_mp3	0	Music
Radio Swiss Jazz	http://stream.srg-ssr.ch/srgssr/rsj/aac/96	0	Music
1.FM - ReggaeTrade Radio	http://strm112.1.fm/reggae_mobile_mp3	0	Other
Radio Swiss Classic	http://stream.srg-ssr.ch/srgssr/rsc_de/aac/96	0	Other
Kontrafunk	https://s5.radio.co/sca4082ebb/listen	0	Other
1.FM - Bossa Nova Hits	http://strm112.1.fm/bossanova_mobile_mp3	0	Other
SRF 1	http://stream.srg-ssr.ch/m/drs1/mp3_128	0	Other
1.FM - Bombay Beats India Radio	http://strm112.1.fm/bombaybeats_mobile_mp3	0	Other
Spoon Radio	http://spoonradio.ice.infomaniak.ch/spoonradio-hd.mp3	0	Other
1.FM - Cafe Radio	http://strm112.1.fm/caferadio_mobile_mp3	0	Other
GDS.FM	http://gdsfm.out.airtime.pro:8000/gdsfm_a	0	Other
Radio SRF 3 (AAC 192)	https://stream.srg-ssr.ch/srgssr/srf3/aac/192	0	Other
Radio Swiss Pop	http://stream.srg-ssr.ch/srgssr/rsp/aac/96	0	Music
1.FM - Dance One Radio	http://strm112.1.fm/dance_mobile_mp3	0	Other
RTS Couleur 3	http://stream.srg-ssr.ch/m/couleur3/mp3_128	0	Other
Kontrafunk (MP3 192)	https://stream.kontrafunk.radio/listen/kontrafunk/radio.mp3	0	Other
1.FM - Adore Jazz Radio	http://strm112.1.fm/ajazz_mobile_mp3	0	Music
SRF 2	http://stream.srg-ssr.ch/srgssr/srf2/mp3/128	0	Other
1.FM - Absolute Trance (Euro) Radio	http://strm112.1.fm/trance_mobile_mp3	0	Other
VirginRadio	https://stream.streambase.ch/vrock/mp3-192/direct/	0	Other
Kontrafunk (Mobil)	https://icecast.multhielemedia.de/listen/kontrafunk/mobil	0	Other
Traxx FM - Ambient	http://traxx011.ice.infomaniak.ch/traxx011-low.mp3	0	Other
Radio SRF 1 Regionaljournal Ostschweiz	http://stream.srg-ssr.ch/m/regi_ost/mp3_128	0	Other
Radio SRF 3	http://stream.srg-ssr.ch/srgssr/srf3/aac/96	0	Other
 A Fine Jazz Gumbo Radio 	https://streaming.smartradio.ch:9502/stream	0	Music
Radio Swiss Jazz (AAC 192)	https://stream.srg-ssr.ch/srgssr/rsj/aac/192	0	Music
RADIO BERN1	https://stream.streambase.ch/radiobern1/mp3-192/direct/	0	Other
RSR La Premiere	http://stream.srg-ssr.ch/srgssr/la-1ere/aac/96	0	Other
1.fm Otto's Classical music	https://strm112.1.fm/classical_mobile_aac	0	Music
1.FM - High Voltage Radio	http://strm112.1.fm/highvoltage_mobile_mp3	0	Other
Radio SRF 4 News	http://stream.srg-ssr.ch/srgssr/srf4news/aac/96	0	News
1.FM - Otto's Opera House	http://strm112.1.fm/opera_mobile_mp3	0	Other
Spoon Radio - Alternative Rock	https://spoonradioalternativerock.ice.infomaniak.ch/spoon-alternativerock-hd.aac	0	Music
Classic | Radio Swiss	https://stream.srg-ssr.ch/m/rsc_de/mp3_128	0	Other
SRF Musikwelle	http://stream.srg-ssr.ch/srgssr/srfmw/mp3/128	0	Other
Radio Basilisk	http://radiobasilisk-64.ice.infomaniak.ch/radiobasilisk-64-128-2.mp3	0	Other
1.FM - Costa Del Mar	http://strm112.1.fm/costadelmarchillout_mobile_mp3	0	Other
Radio SRF 1	http://stream.srg-ssr.ch/srgssr/srf1/aac/96	0	Other
Traxx FM - Tech Minimal	http://traxx020.ice.infomaniak.ch/traxx020-low.mp3	0	Other
1.FM - America's Best Ballads Radio	http://strm112.1.fm/onelive_mobile_mp3	0	Other
Radio Swiss Pop	http://stream.srg-ssr.ch/m/rsp/aacp_96	0	Music
Radio SRF 1 Regionaljournal Zürich, Schaffhausen	http://stream.srg-ssr.ch/m/regi_zh_sh/mp3_128	0	Other
1.FM - Country One Radio	http://strm112.1.fm/country_mobile_mp3	0	Other
One FM	http://onefm.ice.infomaniak.ch/onefm-high.mp3	0	Other
Radio SRF 1 Bern Freibourg Wallis	http://stream.srg-ssr.ch/srgssr/regi_be_fr_vs/aac/96	0	Other
1.FM - Love Classics Radio	https://strmreg.1.fm/loveclassics_mobile_mp3	0	Other
Radio 32	https://stream.streambase.ch/radio32/mp3-192/chmedia-today-web	0	Other
Radio SRF 1 Zentralschweiz	http://stream.srg-ssr.ch/m/regi_zentr/mp3_128	0	Other
Radio Suisse Classique	http://stream.srg-ssr.ch/m/rsc_fr/mp3_128	0	Other
Energy Basel (NRJ)	https://energybasel.ice.infomaniak.ch/energybasel-high.mp3	0	Other
Radio Swiss Jazz	http://stream.srg-ssr.ch/m/rsj/aacp_32	0	Music
Radio Suisse Classique	https://stream.srg-ssr.ch/m/rsc_fr/mp3_128	0	Other
