bravo!	http://c5.hostingcentar.com:8059/stream?4960	0	Other
Extra FM	http://streams.extrafm.hr:8110/;	0	Other
Otvoreni radio - Uživo	http://stream.otvoreni.hr/otvoreni	0	Other
Yammat FM	https://stream.yammat.fm/radio/8000/yammat.mp3	0	Other
Radio Banovina	http://stream1.radio-banovina.hr:8008/;	0	Other
Radio Dalmacija	http://shoutcast.pondi.hr:8000/;	0	Other
HRT HR 1 - Prvi program	http://25693.live.streamtheworld.com/PROGRAM1AAC_SC	0	Other
HRT HR 2 - Drugi program	http://22733.live.streamtheworld.com:3690/PROGRAM2AAC_SC	0	Other
Пумпај Радио (Pumpaj Radio)	https://stream.pumpaj.info/listen/pumpaj_radio/radio.mp3	0	Other
bravo! kids	https://audio.social3.hr/listen/bravo_kids/stream?3367	0	Kids
Radio Deejay HR	http://live.deejay.hr:7002/;	0	Other
Antena Zagreb Uživo	http://live.antenazagreb.hr:8002/;	0	Other
Otvoreni - Live	https://stream.otvoreni.hr/otvoreni	0	Other
Bravo	http://c5.hostingcentar.com:8059/stream	0	Other
Happy FM	http://c5.hostingcentar.com:9543/stream?4923	0	Other
Bravo!	http://c5.hostingcentar.com:8059/;	0	Other
HRT Radio Rijeka	http://23613.live.streamtheworld.com/RIJEKAAAC_SC	0	Other
Folk Radio Kneginec	https://stream.zeno.fm/yetzdv442k8uv	0	Other
Radio Student 100.5	http://161.53.122.184:8000/AAC128.aac	0	Other
Radio101	http://live.radio101.hr:9531/	0	Other
ENTER Zagreb	http://live.enterzagreb.hr:8023/	0	Other
Balkan Hip-Hop Radio	http://centova.dukahosting.com:2022/stream	0	Other
HRT Radio Sljeme	http://25603.live.streamtheworld.com/SLJEMEAAC_SC	0	Other
Antena Zagreb Rock	http://live.antenazagreb.hr:8019/	0	Music
Hrvatski Katolički Radio	https://stream.hkr.hr/hkr.mp3	0	Other
 Radiopostaja Mir - Međugorje	https://mirm.live/mir.mp3	0	Other
FolkyTon Radio	https://ec2s.crolive.com.hr:6035/stream	0	Other
Radio Dalmacija - Oliver	http://c5.hostingcentar.com:8275/stream	0	Other
Radio stubica	http://radiostubica.hc.hr:7006/stream	0	Other
Otvoreni Live	https://stream2.otvoreni.hr/otvoreni	0	Other
Gold FM	http://live.goldfm.hr:8068/	0	Other
Thompson 24/7 - Radio NU	https://slusaj.hr:10446/stream?type=http&nocache=9	0	Other
HRT Radio Osijek	http://28033.live.streamtheworld.com/OSIJEKAAC_SC	0	Other
HRT Radio Split	http://25643.live.streamtheworld.com:3690/SPLITAAC_SC	0	Other
ZFM	https://ec2s.crolive.com.hr:7015/stream	0	Other
HRT Radio Sljeme (mp3)	https://playerservices.streamtheworld.com/api/livestream-redirect/SLJEME.mp3	0	Other
Radio Istra	http://de4.streamingpulse.com:7117/stream	0	Other
Zagorski radio	https://s8.iqstreaming.com:2020/stream/zagorski/stream	0	Other
Hrvatski radio - Klasik	http://23543.live.streamtheworld.com:3690/HR_CLASSICS_SC	0	Other
"CKWR 98.5  ""Real Community Radio"" Kitchener, ON "	https://stream2.statsradio.com:8150/stream	0	Other
JR Radio	http://stream.zeno.fm/pdkt234k698uv.mp3	0	Other
Otvoreni Hot	https://stream.otvoreni.hr/hot	0	Other
Radio 101	http://live.radio101.hr:9531/stream.mp3	0	Other
Hitradio center yu	http://stream3.radiocenter.si:8100/;stream/1	0	Other
Hrvatski radio - Rock	http://25633.live.streamtheworld.com/HR_ROCK_SC	0	Music
HRT HR 1 - Prvi program	http://25643.live.streamtheworld.com/PROGRAM1_SC	0	Other
Radio Kaj	https://s8.iqstreaming.com:2020/stream/radio-kaj2/stream	0	Other
Top Radio	http://c5.hostingcentar.com:8000/streams/topradio/	0	Other
Antena Zagreb Dance	http://live.antenazagreb.hr:8015/	0	Other
HRT HR 3 - Treći program	http://25503.live.streamtheworld.com:3690/PROGRAM3AAC_SC	0	Other
Radio Rojc	https://cf.widecastcdn.live/Z07ww1NUNl/live.m3u8	0	Other
Slavonski Radio	https://ec2s.crolive.com.hr:8035/stream	0	Other
RTV - Radio Novi Sad 3	http://212.200.230.50:1935/rns3/treciprogram/livestream/stream.m3u8	0	Other
Otvoreni LIVE	https://stream.otvoreni.hr/stream48	0	Other
Narodni - Ne pitaj, samo sviraj!	http://c5.hostingcentar.com:8348/;	0	Other
Radio Max 99.3 (Cerje Nebojse, Maruševec)	https://azuracast.novi-net.net/listen/radiomax/radiomax.aac?refresh=1676766574706	0	Other
Radio Sunce	http://shoutcast.pondi.hr:8002/;*.mp3	0	Other
Antena Zagreb - Xmas	http://live.antenazagreb.hr:8015/;	0	Other
Drama radio Dubrovnik	https://listen.radioking.com/radio/626884/stream/689500	0	Other
Radio Ritam	https://ec2s.crolive.com.hr:8455/stream	0	Other
bravo! balade	http://c5.hostingcentar.com:8360/stream?1510	0	Other
KLFM.org	https://klfmorgborg.radioca.st/stream?type=http&nocache=1089	0	Other
TOP YOU	http://116.202.235.114:8402/	0	Other
Narodni - Ljubav je u zraku	http://c5.hostingcentar.com:8354/;	0	Other
Antena ZG	http://live.antenazagreb.hr:8000/;	0	Other
Otvoreni Radio - Fitness	https://stream.otvoreni.hr/fitness	0	Other
Novi radio Zadar	http://s8.iqstreaming.com:8022/stream	0	Other
Antena Zagreb Hit	http://live.antenazagreb.hr:8011/	0	Other
Kupreški Radio	http://178.209.2.100:10000/live.mp3	0	Other
Otvoreni Fitness	http://stream2.otvoreni.hr/fitness	0	Other
Radio 101 Rock	https://live.radio101.hr:8010/	0	Music
Otvoreni Chill	https://stream.otvoreni.hr/chill	0	Other
HRT Radio Dubrovnik	http://27783.live.streamtheworld.com:3690/DUBROVNIKAAC_SC	0	Other
Podravski Radio	https://streaming.podravskiradio.hr/live	0	Other
R. Dalmacija	http://shoutcast.pondi.hr:8000/;	0	Other
Ultra Split	http://c5.hostingcentar.com:8061/;stream/1	0	Other
Narodni - AAAAAAA!	http://c5.hostingcentar.com:8360/;	0	Other
bravo! rock	http://c5.hostingcentar.com:8348/stream?1996	0	Music
HRT Radio Pula	http://22733.live.streamtheworld.com:3690/PULAAAC_SC	0	Other
Hrvatski radio - Pop glazba	http://25633.live.streamtheworld.com:3690/HR_POP_SC	0	Music
Pomorski Radio Bakar	http://matrix-server.hr:8010/live.mp3	0	Other
Radio Slavonija	http://s8.iqstreaming.com:8026/;	0	Other
Tranzistor	https://ec2s.crolive.com.hr/tranzistor	0	Other
"Braniteljski radio ""Nepokoreni grad""  - Osijek"	http://s3.radio.co/se83499ee0/listen	0	Other
Happy FM Klape	http://c5.hostingcentar.com:8384/stream?8802	0	Other
Happy FM Party	http://c5.hostingcentar.com:8390/stream?4606	0	Other
Super Radio	http://mcp1.mydataknox.com:8010/stream	0	Other
Gold - Velika Gorica	http://live.goldfm.hr:8068/stream	0	Other
Prolaznik Evergreen Lepoglava	https://s8.ssl-stream.com/prolaznik	0	Other
CITY RADIO	http://s8.iqstreaming.com:8058/stream	0	Other
Radio Biograd na Moru	https://onlineradiobox.com/json/hr/bnm/play?platform=web	0	Other
Radio Dalmacija - Furešta	http://c5.hostingcentar.com:8215/stream	0	Other
Zagorski radio	http://s8.iqstreaming.com:8054/stream	0	Other
Radio Centar - Studio Poreč	http://radiocentar.hr:8282/stream.aac	0	Other
