NPO Radio 1	http://icecast.omroep.nl/radio1-bb-mp3	0	Other
NPO Radio 2	http://icecast.omroep.nl/radio2-bb-mp3	0	Other
Intense Radio - We love Dance 256K	https://secure.live-streams.nl/main	0	Other
Radio 10	http://playerservices.streamtheworld.com/api/livestream-redirect/RADIO10.mp3	0	Other
Qmusic Belgium	https://icecast-qmusicbe-cdp.triple-it.nl/qmusic.aac	0	Music
NPO Radio 1	http://icecast.omroep.nl/radio1-sb-aac	0	Other
JOE	https://icecast-qmusicbe-cdp.triple-it.nl/joe.mp3	0	Other
VRT Radio 1	http://icecast.vrtcdn.be/radio1-high.mp3	0	Other
KINK	https://playerservices.streamtheworld.com/api/livestream-redirect/KINK.mp3	0	Other
100% NL	http://stream.100p.nl/100pctnl.mp3	0	Other
SLAM!	http://stream.slam.nl/slam	0	Other
JOE	https://stream.joe.nl/joe/aachigh	0	Other
Studio Brussel	http://icecast.vrtcdn.be/stubru-mid.mp3	0	Other
MNM	http://icecast.vrtcdn.be/mnm-high.mp3	0	Other
NPO Radio 5	https://icecast.omroep.nl/radio5-bb-mp3	0	Other
BNR Nieuwsradio	https://stream.bnr.nl/bnr_mp3_128_20	0	Other
Radio Rijnmond	https://d2e9xgjjdd9cr5.cloudfront.net/icecast/rijnmond/radio-mp3	0	Other
NPO Radio 2	http://icecast.omroep.nl/radio2-sb-aac	0	Other
Studio Brussel	http://icecast.vrtcdn.be/stubru-high.mp3	0	Other
NPO Radio 1	https://icecast.omroep.nl/radio1-sb-aac	0	Other
538 TOP 50 	http://playerservices.streamtheworld.com/api/livestream-redirect/TLPSTR13AAC.aac	0	Other
De Tijdloze	http://icecast.vrtcdn.be/stubru_tijdloze-high.mp3	0	Other
Nostalgie Vlaanderen	https://playerservices.streamtheworld.com/api/livestream-redirect/NOSTALGIEWHATAFEELING.mp3?dist=radiobrowser	0	Other
JESUS IS LORD radio	https://stream-285.surfernetwork.com/thdtw5xd9eiuv?zt=eyJhbGciOiJIUzI1NiJ9.eyJzdHJlYW0iOiJ0aGR0dzV4ZDllaXV2IiwiaG9zdCI6InN0cmVhbS0yODUuc3VyZmVybmV0d29yay5jb20iLCJydHRsIjo1LCJqdGkiOiI0OUMxUU9PMFIyeTl5SThnTno0VTB3IiwiaWF0IjoxNzg1OTU0NjI0LCJleHAiOjE3ODU5NTQ2ODR9.TEC2qyYYTCv3OjNepwCqgyWWPAoxPRanj5XLmznekcA	0	Other
Willy	https://streams.radio.dpgmedia.cloud/redirect/willy_be/aac	0	Other
Radio Veronica	https://playerservices.streamtheworld.com/api/livestream-redirect/VERONICA	0	Other
Sky Radio 101 FM	http://playerservices.streamtheworld.com/api/livestream-redirect/SKYRADIO.mp3	0	Other
MNM Hits	http://icecast.vrtcdn.be/mnm_hits-high.mp3	0	Other
Qmusic	https://stream.qmusic.nl/qmusic/aac	0	Music
Studio Brussel	http://icecast.vrtcdn.be/stubru.aac	0	Other
Qmusic	https://icecast-qmusicnl-cdp.triple-it.nl/Qmusic_nl_live.mp3	0	Music
Joe 80's & 90's	https://icecast-qmusicbe-cdp.triple-it.nl/joe_80s_90s.mp3	0	Other
NPO Klassiek	https://icecast.omroep.nl/radio4-bb-mp3	0	Other
Radio Rijnmond (AAC+)	https://d2e9xgjjdd9cr5.cloudfront.net/icecast/rijnmond/radio-aacp	0	Other
Omroep Brabant	http://streaming.omroepbrabant.nl/mp3hq	0	Other
Tukker FM	https://stream.tukkerfm.nl/tukkerfm	0	Other
NPO 3FM Serious Radio	http://icecast.omroep.nl/3fm-bb-mp3	0	Other
Qmusic Non-Stop	https://icecast-qmusicnl-cdp.triple-it.nl/Qmusic_nl_nonstop_96.mp3	0	Music
Sky Radio Christmas	http://playerservices.streamtheworld.com/api/livestream-redirect/SRGSTR08.mp3	0	Other
Klara	http://icecast.vrtcdn.be/klara-high.mp3	0	Other
Qmusic Het Foute Uur	https://icecast-qmusicnl-cdp.triple-it.nl/Qmusic_nl_fouteuur_96.mp3	0	Music
538	http://playerservices.streamtheworld.com/api/livestream-redirect/TLPSTR09.mp3	0	Other
Sky Radio 80's Hits	http://playerservices.streamtheworld.com/api/livestream-redirect/SRGSTR04.mp3	0	Other
NPO Radio 4	http://icecast.omroep.nl/radio4-bb-mp3	0	Other
NPO 3FM	http://icecast.omroep.nl/3fm-sb-aac	0	Other
SLAM! Non Stop	http://stream.radiocorp.nl/web10_mp3	0	Other
Hardcore Power Radio	https://hardcorepower.beheerstream.nl/8012/stream	0	Other
Radio 10 non-stop	https://playerservices.streamtheworld.com/api/livestream-redirect/TLPSTR15.mp3	0	Other
Sterren.nl	https://icecast.omroep.nl/radio2-sterrennl-mp3	0	Other
VRT Radio 1	https://f8e0a3fc90d142e68cd424a56b220f0d.mediatailor.us-east-1.amazonaws.com/v1/manifest/7c1b669ef36eb1e845184b6345b06cd264fc4eb7/5bzs1cW9_vrt-audio-only-v1/d65e4279-e3bc-4151-af02-02ffe699135d/0.m3u8	0	Other
NPO Radio 5	http://icecast.omroep.nl/radio5-bb-mp3	0	Other
Arrow Classic Rock	http://stream.gal.io/arrow	0	Music
VRT Radio 2 West-Vlaanderen	http://icecast.vrtcdn.be/ra2wvl-high.mp3	0	Other
Deep Radio	http://stream.deep.radio/hd	0	Other
NPO Radio 5	https://icecast.omroep.nl/radio5-sb-aac	0	Other
Pinguin Classics	http://streams.pinguinradio.com/PinguinClassics192.mp3	0	Other
BNR Nieuwsradio	https://stream.bnr.nl/bnr_aac_96_20	0	Other
Real Hardstyle Radio	https://stream.realhardstyle.nl/	0	Other
VRT Radio 1	http://icecast.vrtcdn.be/radio1.aac	0	Other
Klara Continuo	http://icecast.vrtcdn.be/klaracontinuo-high.mp3	0	Other
Alternative Rock Radio	https://25243.live.streamtheworld.com/KINK_SC	0	Music
Sky Radio Hits	https://playerservices.streamtheworld.com/api/livestream-redirect/SRGSTR01.mp3?dist=skyradio_web&ttag=talpa_consent:0&gdpr=1&gdpr_consent=BO2svb6O2svb6ADABANLDTAAAAAxKAAA	0	Other
192 Radio Veronica	http://server-14.stream-server.nl:8030/	0	Other
Willy	https://icecast-qmusicbe-cdp.triple-it.nl/willy.mp3	0	Other
Sky Radio Lounge	http://22723.live.streamtheworld.com/SRGSTR07AAC_SC	0	Other
538 Classics	https://playerservices.streamtheworld.com/api/livestream-redirect/TLPSTR08.mp3	0	Other
Radio M Utrecht	https://d18rwjdhpr8dcw.cloudfront.net/icecast/rtvutrecht/radiomutrecht-bb-mp3	0	Other
Slam! Mixmarathon	http://stream.radiocorp.nl/web13_mp3	0	Other
JOE mp3	https://icecast-qmusicnl-cdp.triple-it.nl/Joe_nl.mp3	0	Other
Concertzender Baroque	http://streams.greenhost.nl:8080/barok	0	Other
RADIONL	https://stream.radionl.fm/radionl	0	Other
Veronica Rock Radio	https://21223.live.streamtheworld.com/VERONICAAAC.aac	0	Music
Groot Nieuws Radio	https://playerservices.streamtheworld.com/api/livestream-redirect/GNR.mp3	0	Other
Kink 192k mp3	http://25243.live.streamtheworld.com/KINK_SC	0	Other
All Oldies Channel	http://radio.alloldieschannel.com:8000/stream	0	Other
Classic NL	https://classic.nl/streams/?s=main	0	Other
Radio Gelderland	https://d2od87akyl46nm.cloudfront.net/icecast/omroepgelderland/radiogelderland	0	Other
538 Dance Departmetn	http://playerservices.streamtheworld.com/api/livestream-redirect/TLPSTR01.mp3	0	Other
VRT Radio 2 Bene Bene	http://icecast.vrtcdn.be/radio2_benebene-high.mp3	0	Other
Radio 2 Antwerpen	http://icecast.vrtcdn.be/ra2ant-high.mp3	0	Other
Dance Radio Amsterdam	http://stream.danceradio.nl:9920/	0	Other
538 90s AAC	https://playerservices.streamtheworld.com/api/livestream-redirect/TLPSTR21AAC.aac	0	Other
Radio 2 Limburg	http://icecast.vrtcdn.be/ra2lim-high.mp3	0	Other
VRT Radio 1 (low)	http://icecast.vrtcdn.be/radio1-mid.mp3	0	Other
Alleen Klassiek	https://playerservices.streamtheworld.com/api/livestream-redirect/SERVICE06.mp3	0	Other
SLAM! Housuh In De Pauzuh	http://stream.slam.nl/WEB16_MP3	0	Other
JAMM FM	http://stream.jammfm.nl:8221/	0	Other
Pinguin Radio	http://pr320.pinguinradio.com/	0	Other
Q-music België 	https://streams.radio.dpgmedia.cloud/redirect/qmusic_be/aac	0	Music
RADIONL	http://stream.radionl.fm/radionl	0	Other
Sky Radio 101 FM	http://playerservices.streamtheworld.com/api/livestream-redirect/SKYRADIOAAC.aac	0	Other
Willy Class X	https://streams.radio.dpgmedia.cloud/redirect/willy_be_class_x/aac	0	Other
VRT Radio 2 Vlaams-Brabant	http://icecast.vrtcdn.be/ra2vlb.aac	0	Other
Klara Continuo	http://icecast.vrtcdn.be/klaracontinuo.aac	0	Other
RTV Noord	http://media.rtvnoord.nl/icecast/rtvnoord/radio	0	Other
