La salsa cubana	https://stream.zeno.fm/uf2r0d5ny39uv	0	Other
La Rancherita 91.7 FM Los Mochis	https://radios.blumhost.es/8124/;	0	Other
La Consentida San Luis 107.9	https://radios.blumhost.es/8136/;	0	Other
Los Ochentas y Noventas: Éxitos pop español de los 80s y 90s	https://playerservices.streamtheworld.com/api/livestream-redirect/ACIR29_S01AAC.aac	0	Music
La Lupe 105.3 FM Monterrey	https://mdstrm.com/audio/6737993c9422ca09f9b9ea70/icecast.audio	0	Other
Radio Ranchito San Luis 107.1 FM/1460 AM	https://radios.blumhost.es/8134/;	0	Other
Baladas del Recuerdo	https://stream-165.zeno.fm/g7vk70rqr68uv?zt=eyJhbGciOiJIUzI1NiJ9.eyJzdHJlYW0iOiJnN3ZrNzBycXI2OHV2IiwiaG9zdCI6InN0cmVhbS0xNjUuemVuby5mbSIsInJ0dGwiOjUsImp0aSI6IkRjREZrSkpzUmZHMGVuUGxaRzRxQUEiLCJpYXQiOjE3NTk3NjYwNzEsImV4cCI6MTc1OTc2NjEzMX0.pAurlXoSheL8O5TAQ3	0	Other
Peru Folk radio	https://raymistream.net/listen/perufolkradio/live	0	Other
La Ley 92.1 FM Houston TX	https://liveaudio.lamusica.com/HOU_KROI_icy	0	Other
Flow: Reguetón & Pop Latino	https://playerservices.streamtheworld.com/api/livestream-redirect/ACIR26_S01AAC.m3u8	0	Music
La Mejor Los Cabos  89.9/102.3 FM	https://playerservices.streamtheworld.com/api/livestream-redirect/XHCCAB.mp3	0	Other
Rosate con bachata	https://stream-281.surfernetwork.com/uagzy1yc5uhvv?zt=eyJhbGciOiJIUzI1NiJ9.eyJzdHJlYW0iOiJ1YWd6eTF5YzV1aHZ2IiwiaG9zdCI6InN0cmVhbS0yODEuc3VyZmVybmV0d29yay5jb20iLCJ0bSI6ZmFsc2UsInJ0dGwiOjUsImp0aSI6IlpEakRBV3BXUkw2TzNsc2VRb25fM2ciLCJpYXQiOjE3OTA4MTY2MzUsImV4cCI6MTc5MDgxNjY5NX0.Um-LrdkgKwzwpOZ0iLqO4sUvx3vCUT3HwNfh26n9-MY	0	Other
Lokura FM Rock Ciudad De México 830 AM	https://mdstrm.com/audio/69373baa6d5fd824ec8440c5/live.m3u8	0	Music
La Caliente 94.1 FM Monterrey	https://mdstrm.com/audio/67378f24a675400dcf8f0b4c/icecast.audio	0	Other
MDK Space Radio	https://radio.mdkband.com/stream.mp3	0	Other
Lokura FM Rock Querétaro 104.9 FM	https://mdstrm.com/audio/69399586d3f19db9bddb587e/live.m3u8	0	Music
Energy 88.1 Culiacán	https://radioweb.stream/sinaloa.culiacan/xhcpfw.aac/icecast.audio	0	Other
Lokura FM Grupera Chilpancingo 97.1 FM	https://mdstrm.com/audio/6938a4c076757faf73182a48/live.m3u8	0	Other
Lokura FM Pop Tepic 92.1 FM	https://mdstrm.com/audio/69399a21aefb340e3c47ecea/live.m3u8	0	Music
Navidad Grupera 	https://radioforte.com/8006/stream	0	Other
Classic 106.9 FM Monterrey	https://mdstrm.com/audio/673788019b826f0dc1842750/icecast.audio	0	Other
La T Grande 990 Monterrey	https://mdstrm.com/audio/672a602bce5982a130a01a1d/icecast.audio	0	Other
Reggae en Español: Cafres, Pericos, Gondwana, Cultura y más	https://17643.live.streamtheworld.com:443/ACIR44_S01AAC.aac	0	Other
Asian World Radio Latina	http://stream.zeno.fm/37hmxgfgzs8uv	0	Other
La Lupe Guadalajara 99.9 FM	https://mdstrm.com/audio/6737875eb61ca2fa731a2891/icecast.audio	0	Other
Radio Metrópoli 1150 AM Guadalajara	https://s2.yesstreaming.net:9088/stream?1730862902633	0	Other
Almost Hell Radio	https://almosthellradio.duckdns.org/listen/almost_hell_radio/radio.mp3	0	Other
KPFK 90.7 FM Listener Sponsored Pacifica Radio	http://stations.pacifica.org:7267/kpfk_128	0	Other
Romántica 101.9 Tepic	https://stream.zeno.fm/wfz2auypu98uv	0	Other
1260 AM Ciudad de México 	https://streaming.servicioswebmx.com/8102/stream	0	Other
KY Monterrey 104.5 FM	https://cdn1.onstream.audio/proxy/xhmf/stream	0	Other
Son Latino Medellín	https://sonlatinomedellin.com/envivo	0	Other
Tumbado al 100: Corridos y fusiones urbano-regional	https://playerservices.streamtheworld.com/api/livestream-redirect/ACIR46_S01AAC.aac	0	Other
Chililines Radio	https://radios.yanapak.org/Chililines%20Radio	0	Other
La Ke Buena Ciudad de México 92.9 FM (Stream alternativo)	https://streaming.servicioswebmx.com/8218/stream	0	Other
La Mexicana 93.3 FM Los Mochis	https://a6.asurahosting.com:7910/radio.mp3	0	Other
SIMI Radio 	https://c25.radioboss.fm:8208/stream	0	Other
La Raza 89.3 FM Ciudad Victoria	https://ice41.securenetsystems.net/LARAZA	0	Other
Radio Centro San Luis 93.9 FM	https://radios.blumhost.es/8132/;	0	Other
RG La Deportiva 690 AM/92.9 FM Monterrey	https://mdstrm.com/audio/6737979da7a64ff86b12afc4/icecast.audio	0	Other
Alicia radio	http://giss.tv:8001/alicia_radio.mp3	0	Other
La romántica Puebla 92.9 FM HD2	https://stream.zeno.fm/q5f7ne3sb18uv	0	Other
Los40 Ciudad de México 101.7 FM (Stream alternativo)	https://streaming.servicioswebmx.com/8220/stream	0	Other
Super Stereo Miled 1510 AM Guadalajara	https://miledgdl-cybertec.radioca.st/;	0	Other
Máxima FM 96.9 FM Tuxtla Gutiérrez	https://mdstrm.com/audio/66be641cd9a22180390f882c/live.m3u8	0	Other
Rclasicos 96.9 FM	https://s5.mexside.net:8100/stream	0	Other
Cumbias del Sureste	https://stream-286.surfernetwork.com/xnoti8wufrgtv?zt=eyJhbGciOiJIUzI1NiJ9.eyJzdHJlYW0iOiJ4bm90aTh3dWZyZ3R2IiwiaG9zdCI6InN0cmVhbS0yODYuc3VyZmVybmV0d29yay5jb20iLCJ0bSI6ZmFsc2UsInJ0dGwiOjUsImp0aSI6IlZhdzVTdkg5U2VhQ1k4OFc0XzA5LVEiLCJpYXQiOjE3OTA4NDkzNDEsImV4cCI6MTc5MDg0OTQwMX0.9gGwTZe2yKC-eUrzANayVXLhWxxHfl1GVOGYq5l3ZQ8	0	Other
La 103 Los Mochis 103.9 FM	https://streaming.soyradioinc.com/la103/stream	0	Other
Viva El Mariachi Radio 	https://stream.zenolive.com/sy87dubz5f5tv	0	Other
Vintage 101.3 HD2 Los Mochis	https://audiostreaming.luz.network/stream/2/;	0	Other
La Mexicana Oaxaca 94.9 FM	https://stream.zeno.fm/0foxzyrupdutv	0	Other
Lokura FM Rock Puerto Vallarta 105.9 FM	https://mdstrm.com/audio/6939c6af9de3b0bee0aedc71/live.m3u8	0	Music
Orbita 103.3 FM	https://guri.tepuyserver.net/8098/stream	0	Other
Vintage 100.3 FM Mazatlán	https://audiostreaming.luz.network/stream/14/;	0	Other
Fuerza Latina San Luis 102.5 FM	https://radios.blumhost.es/8130/;	0	Other
La Ke Buena Cuernavaca 105.3	https://stream9.mexiserver.com:8020/stream	0	Other
La Mexicanita sapichu 104.5 FM El Sicuicho	https://stream.zeno.fm/cq155y9exzzuv?1729138903337	0	Other
Lokura FM Grupera Colima 104.5 FM	https://mdstrm.com/audio/6939d9771e27fe9d27f16c59/live.m3u8	0	Other
Milenio Noticias 1090 AM Monterrey	https://mdstrm.com/audio/672a64d1334617594f464d9d/icecast.audio	0	Other
Radio la Risueña	https://app.aloncast.com/api/stream/radio-la-risuen-a-2ba1bd	0	Other
La Bestia Grupera Culiacán 102.5 FM	https://a6.asurahosting.com:7710/radio.mp3	0	Other
La Cotorra 101.7 FM Ciudad Victoria	https://cast1.my-control-panel.com/proxy/cotorra/stream	0	Other
Milenio Radio 103.7 FM HD2 Monterrey	https://mdstrm.com/audio/672a6584ae352d9e9725f5f6/icecast.audio	0	Other
Radio Cuenca de la Independencia	https://stream.zeno.fm/ms3ddp6ydf9uv	0	Other
La Poderosa 92.9 Santiago Ixcuintla	https://stream.zeno.fm/p2cn5dypu98uv	0	Other
La Rancherita Juárez 1000 AM	https://stream.zeno.fm/6ga3mhs91rhvv	0	Other
D99 98.9 FM Monterrey	https://mdstrm.com/audio/662800a9c30cbb3e2e61f44b/icecast.audio	0	Other
estéreo vida 95.3 Tepic	https://stream.zeno.fm/xx20nxypu98uv	0	Other
Exa Ciudad Victoria 94.5 FM	https://cast1.my-control-panel.com/proxy/exavictoria/stream	0	Other
La Gran AW 1280 AM Monterrey	https://mdstrm.com/audio/672a54e1064f16625e497b86/icecast.audio	0	Other
La Ke Buena 93.9 Iguala	https://streaming.servicioswebmx.com/8292/stream	0	Other
La Mejor Los Mochis 90.9 FM	https://a6.asurahosting.com:7920/radio.mp3	0	Other
La Mejor Mazatlán 102.7 FM	https://a6.asurahosting.com:8060/radio.mp3	0	Other
La Poderosa Oaxaca 100.1 FM	https://stream.zeno.fm/yg63h9ekvjhvv	0	Other
La Q Guanajuato 1590 San Francisco Del Rincón/1290 Salvatierra	https://streaming.servicioswebmx.com/8202/stream	0	Other
neo 101.3 HD3 Los Mochis	https://audiostreaming.luz.network/stream/3/;	0	Other
Radio sensación 96.7 FM Ciudad Gusmán	http://icecasthd.net:25382/xhpz	0	Other
W Radio Monterrey 90.9 FM	https://streaming.servicioswebmx.com/8214/stream	0	Other
Exa FM Los Mochis 98.9 FM	https://playerservices.streamtheworld.com/api/livestream-redirect/XHMPMAAC.AAC	0	Other
La Grande del Sureste 90.3	https://stream.freepi.io/8302/live	0	Other
La interesante 88.5 FM Los Mochis	https://streaming.soyradioinc.com/lainteresante/stream	0	Other
La Lupe Ciudad Victoria 95.3 FM	https://mdstrm.com/audio/67379e3e9cbec50af5c979ac/icecast.audio	0	Other
La mejor 99.3 Tepic	https://playerservices.streamtheworld.com/api/livestream-redirect/XHCCBFM.mp3	0	Other
La Más Prendida  97.5 FM Ciudad Victoria	https://cast1.my-control-panel.com/proxy/lamasprendida/stream	0	Other
Magia Digital 100.7 FM Ciudad Juárez	https://stream.zeno.fm/agrur3r91rhvv	0	Other
Máxima 93.1 FM Coatzacoalcos	https://mdstrm.com/audio/66a01c0328071626dc3e6971/live.m3u8	0	Other
Neo 100.3 FM HD3 Mazatlán	https://audiostreaming.luz.network/stream/15/;	0	Other
Radio Recuerdo 860 AM Monterrey	https://mdstrm.com/audio/672a5df773078862801f389f/icecast.audio	0	Other
Radio Variedades 103.5 FM Los Mochis	https://radios.blumhost.es/8126/;	0	Other
Vibra Radio 99.5 Mazatlán	https://sp3.servidorrprivado.com:10827/stream?type=http&nocache=3	0	Other
La Bestia Radio	https://streams.radio.co/s4aaec47cd/listen	0	Other
La tremenda 98.5 FM Agua Prieta	https://live.zuperdns.net/9855/stream/;stream.mp3	0	Other
Lobos FM Culiacán	http://streamingcwsradio20.com:9330/;	0	Other
Lokura FM Grupera Ixtapan De La Sal 99.5 FM	https://mdstrm.com/audio/6939db1296af1fbe55715ce1/live.m3u8	0	Other
LOS40 Mazatlán - 98.7 FM - XHVOX-FM - Radio Cañon	https://streaming.servicioswebmx.com/8276/stream	0	Other
Puebla FM (Teziutlán)	https://5d0d1d7a6be9e.streamlock.net/setteziutlan/radio/playlist.m3u8	0	Other
TKR 1480 AM Monterrey	https://mdstrm.com/audio/672a61c2bef01359b6913aea/icecast.audio	0	Other
W Radio Tapachula 91.5 FM y 1000 AM	https://streaming.servicioswebmx.com/8248/stream	0	Other
