Radio Nacional de España - Radio 5 Todo noticias	https://d131.rndfnk.com/star/crtve/rne5/main/mp3/128/stream.mp3?aggregator=tunein&cid=01GEP4MW5CAHPYP1EXHVKWFJ8W&sid=2OeE42hivuba6dTGvjnMGjKByQe&token=cdczXcnimVx4AY4iamqYbTMdu3cK7oBxmS2UQN9cWc0&tvf=pdPcDBxuVxdkMTMxLnJuZGZuay5jb20	0	Other
Free FM 80 Tokyo	https://freefm80.radioca.st/	0	Other
Radio Cumbia Mix	https://mdstrm.com/audio/6598b6ab95a235085823b24f/icecast.audio	0	Other
Radio Libertad	https://server9.emitironline.com:19482/stream?cb=1708722000350	0	Other
INFORMA RADIO	https://24x7.red:42045/informa	0	Other
Radio América 104.5 FM	https://streamingecuador.com:7030/stream?1657848016283	0	Other
40 Principales Colombia	https://playerservices.streamtheworld.com/api/livestream-redirect/%20LOS40_COLOMBIA.mp3	0	Other
Cooperativa	https://unlimited3-cl.dps.live/cooperativafm/mp3/icecast.audio	0	Other
Radio Zaracay 100.5 FM	http://stream-36.zeno.fm/as3xhhc0ts8uv?_=1	0	Other
Los 40 españa	https://playerservices.streamtheworld.com/api/livestream-redirect/Los40.mp3	0	Other
Top Urbano	https://radio.dominiserver.com/proxy/topurbano?mp=/stream	0	Other
Top Merengue Radio	https://radio.dominiserver.com/proxy/topmerengueradio?mp=/stream	0	Other
El Toro TV 	https://edge-nodo-002.streaming.hitcloser.net/eltorotv-streaming-web/tracks-v1a1/mono.m3u8	0	Other
Capital Radio Madrid	https://mdstrm.com/audio/67d2a8685ae4234de49e40f6/live.m3u8?_=1748201428470&dnt=true&player=67bf8d9eb8fdbbe59cb3dc1e&uid=ZGjN46saKhxpR9l4R89Rah2jvFyKlii2&sid=Ylu5J6JhzLU9YYjHNlrKub2B78xqLdvG&pid=FM2735sWw0sy8ShSstpnBPcUEKzC3DWC&an=lightning-player&at=web-app&av=v1.0.19&sc=0&ds=67bf8b74ff9cc60dd3e575b4&ref=www.capitalradio.es&res=1600x900	0	Other
Los 40 Ecuador	https://streamingecuador.com:7051/stream	0	Other
NEGOCIOS.COM	https://streaming013.gestec-video.com/hls/negociostv.m3u8	0	Other
Top Balada Radio	https://radio.dominiserver.com/proxy/topbaladaradio?mp=/stream	0	Other
No es merengue es una merengazo	https://stream.zeno.fm/twem5wa0k0hvv	0	Other
Top Cristiano Radio	https://radio.dominiserver.com/proxy/topcristianoradio?mp=/stream	0	Other
Radio Popular 1230 AM	http://stream-50.zeno.fm/py6f6znfntzuv?zs=noiOyzMaTqWxs_wNcfkWgg&1679303614411	0	Music
Radio 1160 Peru	https://us-b4-p-e-pb13-audio.cdn.mdstrm.com/live-audio-aw/6598b6e1261d9e088a6de859?aid=658ddcc0b2c7835d48fee06d&pid=G3FnIvg2s2uxHg1lIbLUlWa3cFT5KPBg&sid=XAAefdCCMC9B9MvNg9TwqdstYTKnk3li&uid=Nkdb2uczAeFQEIGw1fojci2BEYfd4Tye&es=us-b4-p-e-pb13-audio.cdn.mdstrm.com&ote=1711464716330&ot=YgiDR9HDtOJKN3UCFo0-xg&proto=https&pz=us&cP=128000&awCollectionId=658ddcc0b2c7835d48fee06d&liveId=6598b6e1261d9e088a6de859&listenerId=Nkdb2uczAeFQEIGw1fojci2BEYfd4Tye	0	Other
Radio Nova peru	https://panel.innovatestream.pe:10990/undefined	0	Other
Monumental 100.3 FM	https://radio2.grupointernet.com/8103/stream	0	Other
Miss 104 FM	https://radio.dominiserver.com/proxy/miss104fm?mp=/stream	0	Other
Oasis FM Chile	https://mdstrm.com/audio/5c915497c6fd7c085b29169d/live.m3u8	0	Other
Prensa Latina - Agencia Informativa Latinoamericana	https://cdn4.onstream.audio:9267/stream?download=false	0	Other
La 2x4	https://media.radios.ar:9270/	0	Other
Cadena SER Ceuta	https://21223.live.streamtheworld.com/SER_CEUTA.mp3	0	Other
La Voz del Tomebamba 1070 AM	https://streamingecuador.net:8074/lavozdeltomebamba	0	Other
cat kawaii 	https://stream.zeno.fm/bgblhk5vv5uuv	0	Other
Cadena Ser - Maspalomas	https://playerservices.streamtheworld.com/api/livestream-redirect/CADENASERAAC_SC	0	Other
Classica FM	http://classicafm.scbbs.net:8000/;	0	Other
la Noventera  	https://streaming.gometri.com/stream/8043/stream	0	Other
la super estación latina 104.1 armenia	https://server1.intermediacolombia.com:8010/stream	0	Other
Radio Sputnik Mundo Latam	https://icecast-rian.cdnvideo.ru/voicespa	0	Other
Radio Romance	https://stream.zeno.fm/gnkysrxv3a0uv	0	Other
EME Radio fm	https://streaming.enacast.com/emeradiofmHD.mp3	0	Other
radio ranchito	https://streamingcwsradio30.com:7005/stream.mp3	0	Other
Radio Amanecer	https://sp.sintonizapp.com:7003/;type=mp3	0	Other
Radio Andina	https://grupomundodigital.com:8580/stream	0	Other
Pon salsa y todo norte	https://stream.zeno.fm/eft72w1vrnhvv	0	Other
Pa ti Pati cumbia	https://stream.zeno.fm/7cm28ptuhxhvv	0	Other
Radio Quito 760 AM	https://streamingecuador.net:8332/radioquito?1679294453918	0	Other
Radio Universidad Rosario	https://cdn.instream.audio/:9202/stream	0	Other
Veracruz stereo	https://radio.veracruzstereo.com:8000/live	0	Other
WRPG-DB Pura Gracia	https://15113.live.streamtheworld.com:443/SAM05AAC459_SC	0	Other
Asian World Radio Latina	http://stream.zeno.fm/37hmxgfgzs8uv	0	Other
Salsa One Radio	https://server7.servistreaming.com/proxy/radiohoy?mp=/stream	0	Other
Radio Platinum Fm	https://streamingecuador.com:8160/radioplatinum	0	Other
Radiofavoritaranchera	https://stream.zeno.fm/pdlp0sxtdjkvv	0	Other
FeLove Biblia en Español	http://radio.produccionescasaverde.com:8696/autodj	0	Other
Observatorio OGDI Guatemala	https://radio.forensedigital.gt:8000/stream	0	Other
Tesoro FM	https://stream.zeno.fm/prbf8rrgvzzuv	0	Other
El Fin del Silencio	https://servidor24-1.brlogic.com:7302/live	0	Other
Radioactiva 99.7 Honduras	https://stream.zeno.fm/6n7fp9t2pceuv	0	Other
hits1	https://radio12.pro-fhi.net:19018/Hugel,%20David%20Guetta,%20French%20Montana%20&%20Aidan%20Martin%20-%20Shine	0	Other
Hacker por Cristo Network	https://radio.forensedigital.gt:8010/stream	0	Other
Ovación 620 AM	https://5c3fb01839654.streamlock.net:1963/ipradioovacion1/liveovacion1radio/playlist.m3u8	0	Other
Radio Mercado Metapan	https://centova.playerfullhd.com/proxy/brfrtxcf/stream	0	Other
Alicia radio	http://giss.tv:8001/alicia_radio.mp3	0	Other
Durisima Radio Online	http://stream.laut.fm/durisimaradio	0	Other
Fibwi Radio	https://sound.gigaradius.eu/proxy/fibwiradio/stream	0	Other
Radio Campesina Cubana	http://radiocampesinacubana.stream.laut.fm/radiocampesinacubana?t302=2026-10-01_13-42-57&uuid=6a13b6f4-7641-565b-7a21-8797ece68d47	0	Other
Soy un Clasico	https://streaming1.locucionar.com/proxy/soyunclasico?mp=/stream	0	Other
Classica FM	http://classicafm.scbbs.net:8000/;?type=http&nocache=839969	0	Other
Radio Aspe	http://streaming.enantena.com:8000/radioaspe128.mp3	0	Other
Radio Cielo online	http://stream.zeno.fm/ernvqd641k8uv	0	Other
Radio mixes fm	https://stream.zeno.fm/qlwpb1ipqd7tv	0	Other
XEVT 104.1 FM - XHVT, Telereportaje, FM 104.1, Villahermosa, Tabasco, Mexico	https://radio.golsystems.com.mx/8054/stream	0	Other
7TV CADIZ 	https://streaming004.gestec-video.com/hls/7TVCADIZ.m3u8	0	Other
Computer Forensic Radio	https://radio.forensedigital.gt:8020/stream	0	Other
Criollisima GT	https://radio.forensedigital.gt:8060/stream	0	Other
Gaiteros de Guatemala	https://radio.forensedigital.gt:8030/stream	0	Other
La Voz del Tao 2	http://mediacp15.rootservers.co:18068/stream	0	Other
Radio inkafuego en vivo 	https://mediastreamm.com/8362/stream	0	Other
Miranda 100.1 FM Stereo	https://sp.wnetserver.com:7052/stream	0	Other
RadioMV Spanish	https://ice.radiomv.co:8440/spanish.mp3	0	Other
SINAI WORKSHOP	https://radio.forensedigital.gt:8070/stream	0	Other
Superstereo 105.5 fm 	http://51.89.173.53:8031/	0	Other
Kinshasa FM	http://radio.kinshasafm.xyz/listen/kinshasafm/radio.mp3	0	Other
Laser 106.7 Merlo	https://streaming3.locucionar.com/proxy/lasermerlo?mp=/stream	0	Other
Mundo fm	http://emisiones.com.uy:8088/mundo	0	Other
Platinum 98.7 Fm	https://server6.globalhostla.com:9224/stream	0	Other
Utopica stereo	https://server6.globalhostla.com:9104/stream	0	Other
W Radio	http://26483.live.streamtheworld.com:3690/WRADIO_SC	0	Other
Kinshasa FM (64 kbps)	https://radio.kinshasafm.xyz/listen/kinshasafm/mobile.mp3	0	Other
Radio Power	https://stream.zeno.fm/dlvtl3hthyxvv.mp3	0	Other
RADIO VISION DE CRISTO	https://server.radiogs.net/8208/stream	0	Other
Segenswelle Espanol	http://segenswelle.de:8000/espanol	0	Other
Digital 101.5 FM Reynosa/RGV	https://live.amperwave.net/manifest/rcomm-xhavofmaac-hlsc4.m3u8?source=v7player	0	Other
Radioactivo 98.5	http://stream-56.zeno.fm/0dede0adz4zuv?zs=WpqFDnSvSbCny4nEZvQHJA	0	Other
la Voz del Tao 6	http://mediacp15.rootservers.co:18136/stream	0	Other
Radio Emisor Contenido con Calidad MÚSICA CLÁSICA MEXICANA TABASCO 	https://sonic.sistemahost.es:7018/	0	Other
