YleX	https://icecast.live.yle.fi/radio/YleX/icecast.audio	0	Other
Radio Nova	https://stream-redirect.bauermedia.fi/radionova/radionova_64.aac?aw_0_1st.bauer_loggedin=false&aw_0_1st.playerid=BMUK_tunein	0	Other
Yle Radio Suomi, Helsinki	http://icecast.live.yle.fi/radio/YleRS/icecast.audio	0	Other
NRJ	https://stream-redirect.bauermedia.fi/nrj/nrj_64.aac?aw_0_1st.bauer_loggedin=false&aw_0_1st.playerid=BMUK_tunein	0	Other
Radio Rock	https://aud-stream-radiorock.nm-elemental.nelonenmedia.fi/playlist.m3u8	0	Music
Nostalgia	https://stream-redirect.bauermedia.fi/nostalgia/nostalgia_64.aac?aw_0_1st.bauer_loggedin=false&aw_0_1st.playerid=BMUK_tunein	0	Other
Groove FM	https://aud-stream-groove.nm-elemental.nelonenmedia.fi/playlist.m3u8	0	Other
"	Tick Tock Radio - 1950"	https://streaming.ticktock.radio/tt/1950/icecast.audio	0	Other
Kaaos Radio Chiptune	http://stream.kaaosradio.fi:8000/chip	0	Other
Yle Radio Suomi, Turku	http://icecast.live.yle.fi/radio/YleTurku/icecast.audio	0	Other
YLE Radio Suomi Hämeenlinna	https://icecast.live.yle.fi/radio/YleHameenlinna/icecast.audio	0	Other
Järviradio	https://jarviradio.radiotaajuus.fi:9000/jr	0	Other
Radio Helsinki 98,5 Mhz	https://stream.radiohelsinki.fi/stream	0	Other
SuomiRap	https://streaming.radioplay.fi/fi_suomirap_128.mp3	0	Other
Võmba FM	https://c4.radioboss.fm:18123/stream	0	Other
Kaaosradio - 24h Chill	http://stream.kaaosradio.fi:8000/chill	0	Other
YLE radio Suomi, Jyväskylä	https://icecast.live.yle.fi/radio/YleJKL/icecast.audio	0	Other
Radio City	https://streaming.radioplay.fi/fi_radiocity_128.mp3	0	Other
FugeFM	https://streaming.broadcast.radio/fugefm	0	Other
Doubleclap Radio	https://s3.radio.co/scfd7273b2/listen	0	Other
Yle Radio 1 Hifi	http://icecast.live.yle.fi/radio/YleRadio1Hifi/icecast.audio	0	Other
Yle Klassinen (HLS)	https://yleradiolive5.akamaized.net/hls/live/20000872/yleklassinen/master.m3u8	0	Other
Kiss	https://stream-redirect.bauermedia.fi/kiss/kiss_64.aac?aw_0_1st.bauer_loggedin=false&aw_0_1st.playerid=BMUK_tunein	0	Other
Sveriges Radio - SR Sisuradio	https://live1.sr.se/finska-aac-320	0	Other
Radio Keskisuomalainen	https://cast.radiokeskisuomalainen.fi/radiokeskisuomalainen	0	Other
Ysäri	https://stream-redirect.bauermedia.fi/ysari/ysari_64.aac?aw_0_1st.bauer_loggedin=false&aw_0_1st.playerid=BMUK_tunein	0	Other
Yle radio Vega Östnyland	https://icecast.live.yle.fi/radio/YleVegaOstnyland/icecast.audio	0	Other
Yle Klassinen	https://icecast.live.yle.fi/radio/YleKlassinen/icecast.audio	0	Other
YleX	http://icecast.live.yle.fi/radio/YleX/icecast.audio	0	Other
Roll FM	https://rollfm.online/	0	Other
MTV Uutiset	https://live.streaming.a2d.tv/asset/20025962.isml/.m3u8	0	Other
Radio SUN	http://st.downtime.fi/sun.mp3	0	Other
Kaaosradio - 24h	http://stream.kaaosradio.fi:8000/stream	0	Other
YleRadioSuomiLahti	https://icecast.live.yle.fi/radio/YleLahti/icecast.audio	0	Other
YleRadioSuomiTampere	https://icecast.live.yle.fi/radio/YleTampere/icecast.audio	0	Other
Järviradio Puhe	https://jarviradio.radiotaajuus.fi:9000/jrpuhe	0	Other
Yle Radio Suomi, Rovaniemi	https://icecast.live.yle.fi/radio/YleRovaniemi/icecast.audio	0	Other
Radio Patmos	http://s3.yesstreaming.net:7011/radio	0	Other
Savon Aallot	https://cast.savonaallot.fi/savonaallot	0	Other
Tekoälyradio	https://streaming.radioplay.fi/fi_tekoalyradio_128.mp3	0	Other
FinnRadio	https://servidor39-5.brlogic.com:7076/live	0	Other
Tampereen Kiakkoradio: Tappara	https://st.downtime.fi/kiakko-tappara.aac	0	Other
Yle Radio Suomi, Kotka	https://icecast.live.yle.fi/radio/YleKotka/icecast.audio	0	Other
Yle Radio Suomi, Kuopio	https://icecast.live.yle.fi/radio/YleKuopio/icecast.audio	0	Other
Karjalainen Syke	https://radio.diks.fi/karjalainensyke	0	Other
Radio Kaleva	https://radiokaleva.digitacdn.net/radio/kaleva/master.m3u8	0	Other
Radio Vaasa	https://stream.protonbroadcast.com:8443/radiovaasa.mp3	0	Other
Kerhoradio	https://c40.radioboss.fm:8056/stream	0	Other
RadioSE.fi	https://wr2.downtime.fi/kaakko.aac	0	Other
Radio Classic	https://streaming.radioplay.fi/fi_classic_128.mp3	0	Other
Radio Auran Aallot	https://streaming.radioplay.fi/fi_auranaallot_128.mp3	0	Other
Radio Dei	http://isojako.radiodei.fi:8000/yleisohjelma	0	Other
Radio Voima	https://cast2.radiovoima.fi/voima.mp3	0	Other
Sea FM Radio	http://s3.myradiostream.com:4976/;	0	Other
IDA Radio	https://broadcast.idaidaida.net:8000/stream	0	Other
Yle Radio Suomi Kajaani	https://yleradiolive5.akamaized.net/hls/live/20000882/ylers-kajaani/256/variant.m3u8	0	Other
Radio Patmos	https://s3.yesstreaming.net:7011/radio	0	Other
Sea fm	http://s3.myradiostream.com:4976/;	0	Other
MOYGID TV — ääniopasradio (moygid.online/fi)	https://moygid.online/fi/radio.mp3	0	Other
Pride Radio	https://streaming.radioplay.fi/fi_pride_128.mp3	0	Other
Radio Musa	http://n09.radiojar.com/n6yg5q0z8vzuv.m4a	0	Other
Yle Radio Suomi - Pori	https://icecast.live.yle.fi/radio/YlePori/icecast.audio	0	Other
Radio Mega	https://streaming.radioplay.fi/fi_radiomega_128.mp3	0	Other
Kesäseuraradio	https://kesaseuraradio.out.airtime.pro/kesaseuraradio_b	0	Other
Radio Dei Helsinki	http://isojako.radiodei.fi:8000/helsinki	0	Other
Radio Helsinki	https://stream.radiohelsinki.fi/stream	0	Other
Radioverkko	http://kuuntele.radioverkko.fi:8000/live	0	Other
Radio Dei Turku ja Eurajoki	http://isojako.radiodei.fi:8000/turkueurajoki	0	Other
Borås Närradioförening	http://lyssna.fnf.nu:8080/radioboras.mp3	0	Other
Radio Soho	https://sohostream.djonline.fi:8008/radio	0	Other
Yle Radio Suomi, Joensuu	https://icecast.live.yle.fi/radio/YleJoensuu/icecast.audio	0	Other
Radio Dei Kristiinankaupunki	http://isojako.radiodei.fi:8000/kristiinankaupunki	0	Other
Radio Dei Lahti	https://stream.dei.fi:8443/lahti	0	Other
Radio Dei Kajaani	https://stream.dei.fi:8443/kajaani	0	Other
Radio Dei Kokkola	http://isojako.radiodei.fi:8000/kruunupyy	0	Other
Radio Tuottaja1	https://kaupunkiradio.radiotaajuus.fi:9013/radio	0	Other
Radio Dei Rovaniemi	http://isojako.radiodei.fi:8000/rovaniemi	0	Other
Radio KAAKKO	http://wr2.downtime.fi/kaakko.aac	0	Other
Radio Dei Kemi	http://isojako.radiodei.fi:8000/tornio	0	Other
Radio Dei Oulu	http://isojako.radiodei.fi:8000/oulu	0	Other
Radio Dei Pohjanmaa	http://isojako.radiodei.fi:8000/lapua	0	Other
