BBC World Service	http://stream.live.vc.bbcmedia.co.uk/bbc_world_service	0	Other
 CAPITAL - The UK's No.1 Hit Music Station	https://media-ssl.musicradio.com/CapitalUK	0	Music
BBC Radio 4 (128k)	http://as-hls-ww-live.akamaized.net/pool_55057080/live/ww/bbc_radio_fourfm/bbc_radio_fourfm.isml/bbc_radio_fourfm-audio%3d128000.norewind.m3u8	0	Other
LBC UK	http://media-ice.musicradio.com/LBCUK	0	Other
Heart 80s	https://media-ssl.musicradio.com/Heart80sMP3	0	Other
Classic FM UK	http://ice-the.musicradio.com/ClassicFMMP3	0	Other
BBC Radio 2 (128k)	http://as-hls-ww-live.akamaized.net/pool_74208725/live/ww/bbc_radio_two/bbc_radio_two.isml/bbc_radio_two-audio%3d128000.norewind.m3u8	0	Other
BBC Radio 1	http://a.files.bbci.co.uk/ms6/live/3441A116-B12E-4D2F-ACA8-C1984642FA4B/audio/simulcast/hls/nonuk/pc_hd_abr_v2/ak/bbc_radio_one.m3u8	0	Other
Gold	https://media-ssl.musicradio.com/GoldMP3	0	Other
Smooth Radio	http://media-the.musicradio.com/SmoothEastMids	0	Other
Heart London 106.2 [MP3]	http://ice-sov.musicradio.com/HeartLondonMP3	0	Other
BBC Radio 5 Live (128k)	http://as-hls-ww-live.akamaized.net/pool_89021708/live/ww/bbc_radio_five_live/bbc_radio_five_live.isml/bbc_radio_five_live-audio%3d128000.norewind.m3u8	0	Other
 KISSTORY: Non-Stop Old Skool & Anthems	https://live-bauerkiss.sharp-stream.com/kisstory.aac?direct=true&aw_0_1st.playerid=BMUK_Airable&aw_0_1st.skey=6778249992	0	Other
 BBC RADIO 1 - The biggest new pop and all-day vibes	http://a.files.bbci.co.uk/ms6/live/3441A116-B12E-4D2F-ACA8-C1984642FA4B/audio/simulcast/hls/nonuk/pc_hd_abr_v2/cf/bbc_radio_one.m3u8	0	Music
Capital FM London	http://media-ice.musicradio.com/CapitalMP3	0	Other
BBC Radio 6 Music	http://as-hls-ww-live.akamaized.net/pool_81827798/live/ww/bbc_6music/bbc_6music.isml/bbc_6music-audio%3d320000.norewind.m3u8	0	Music
Heart 90s	https://media-ssl.musicradio.com/Heart90sMP3	0	Other
Times Radio	https://timesradio.wireless.radio/stream	0	Other
Radio Caroline	http://78.129.202.200:8040/;	0	Other
Heart Dance	https://media-ssl.musicradio.com/HeartDanceMP3	0	Other
Smooth Chill	https://media-ssl.musicradio.com/ChillMP3	0	Other
Virgin Radio UK	https://radio.virginradio.co.uk/stream	0	Other
BBC Radio 6 Music (128k)	http://as-hls-ww-live.akamaized.net/pool_81827798/live/ww/bbc_6music/bbc_6music.isml/bbc_6music-audio%3d128000.norewind.m3u8	0	Music
BBC Radio 3 (128k)	http://as-hls-ww-live.akamaized.net/pool_23461179/live/ww/bbc_radio_three/bbc_radio_three.isml/bbc_radio_three-audio%3d128000.norewind.m3u8	0	Other
BBC Live News (128k)	http://as-hls-ww-live.akamaized.net/pool_53367543/live/ww/bbc_sounds_news/bbc_sounds_news.isml/bbc_sounds_news-audio%3d128000.norewind.m3u8	0	News
NTS Radio 1	http://stream-relay-geo.ntslive.net/stream	0	Other
 PLANET ROCK: Where Rock Lives	https://stream-mz.hellorayo.co.uk/planetrock.aac?direct=true&aw_0_1st.playerid=BMUK_Airable&aw_0_1st.skey=6778249992	0	Music
Chillout Ibiza FM	https://edge3.peta.live365.net/b05055_128mp3	0	Other
 CAPITAL DANCE: The UK's Official Dance Station	https://media-ssl.musicradio.com/CapitalDance	0	Other
Radio X	http://media-the.musicradio.com/RadioXUK	0	Other
BBC Radio 4 Extra (128k)	http://as-hls-ww-live.akamaized.net/pool_26173715/live/ww/bbc_radio_four_extra/bbc_radio_four_extra.isml/bbc_radio_four_extra-audio%3d128000.norewind.m3u8	0	Other
 KISSTORY R&B: The Hottest R&B tracks from KISSTORY	https://live-bauerkiss.sharp-stream.com/kisstoryrb.aac?direct=true&aw_0_1st.playerid=BMUK_Airable&aw_0_1st.skey=6778249992	0	Other
 KISS - The Best Vibes & Energy	https://live-bauerkiss.sharp-stream.com/kissnational.aac?direct=true&aw_0_1st.skey=1602676850&rp_source=1&=&&___cb=60456375243858	0	Other
BBC News HD (720P)	https://vs-hls-push-ww-live.akamaized.net/x=4/i=urn:bbc:pips:service:bbc_news_channel_hd/t=3840/v=pv14/b=5070016/main.m3u8	0	News
BBC World Service	https://stream.live.vc.bbcmedia.co.uk/bbc_world_service	0	Other
Magic Radio UK	https://stream-mz.hellorayo.co.uk/magicnational.mp3?direct=true&aw_0_1st.playerid=BMUK_TuneIn&aw_0_1st.skey=7374499933&stationCode=mag	0	Other
GB News	http://listen-gbnews.sharp-stream.com/gbnews.mp3	0	News
Greatest Hits Radio	https://stream-mz.hellorayo.co.uk/net2westmidlands.aac?aw_0_1st.skey=1602676850&direct=true&rp_source=1	0	Other
Intamixx 80s 90s Radio UK	https://radio.intamixx.uk:8443/radio2	0	Other
 KISS DANCE: The Biggest Dance Anthems 24/7	https://stream-kiss.hellorayo.co.uk/kissdance.aac?direct=true&aw_0_1st.skey=1602676850&rp_source=1&=&&___cb=60456375243858	0	Other
BBC Radio 2	http://a.files.bbci.co.uk/ms6/live/3441A116-B12E-4D2F-ACA8-C1984642FA4B/audio/simulcast/hls/nonuk/pc_hd_abr_v2/cf/bbc_radio_two.m3u8	0	Other
LBC Radio	http://media-sov.musicradio.com/LBC973MP3Low	0	Other
Heart	http://media-the.musicradio.com/HeartNorthLancsCumbria	0	Other
Classic FM	http://media-ice.musicradio.com/ClassicFMMP3	0	Other
Heart 70s	https://media-ssl.musicradio.com/Heart70sMP3	0	Other
Heart FM	https://media-ssl.musicradio.com/HeartUK	0	Other
BBC Radio 1 Dance (128k)	http://as-hls-ww-live.akamaized.net/pool_62063831/live/ww/bbc_radio_one_dance/bbc_radio_one_dance.isml/bbc_radio_one_dance-audio%3d128000.norewind.m3u8	0	Other
Different Drumz DnB Radio	http://andromeda.shoutca.st:8031/	0	Other
Classic FM Calm	https://media-ice.musicradio.com/ClassicFMCalmMP3	0	Other
NTS Radio 2	http://stream-relay-geo.ntslive.net/stream2	0	Other
BBC World Service	https://stream.live.vc.bbcmedia.co.uk/bbc_world_service_east_asia	0	Other
CNN UK	https://tunein.cdnstream1.com/2868_96.mp3	0	Other
Classic FM Relax	http://media-the.musicradio.com/ClassicFM-M-Relax	0	Other
BBC Radio 4	http://as-hls-ww-live.akamaized.net/pool_55057080/live/ww/bbc_radio_fourfm/bbc_radio_fourfm.isml/bbc_radio_fourfm-audio=128000.norewind.m3u8	0	Other
80s Zoom	https://playerservices.streamtheworld.com/api/livestream-redirect/SAM03AAC226_SC.mp3	0	Other
Smooth Country	https://media-ssl.musicradio.com/SmoothCountry	0	Other
BBC Radio 4	http://as-hls-ww-live.akamaized.net/pool_55057080/live/ww/bbc_radio_fourfm/bbc_radio_fourfm.isml/bbc_radio_fourfm-audio=320000.norewind.m3u8	0	Other
Classic FM Movies	https://media-ice.musicradio.com/ClassicFMMoviesMP3	0	Other
Classic FM HD	https://ice-sov.musicradio.com/ClassicFMHD?hdauth=:2000000000:a290d4b39a16153061d4c743008b9fe8d424a7e5ec6469d40acf51fdcd336e80	0	Other
Capital XTRA	http://media-the.musicradio.com/CapitalXTRALondonMP3	0	Other
BBC Radio 1Xtra (128k)	http://as-hls-ww-live.akamaized.net/pool_92079267/live/ww/bbc_1xtra/bbc_1xtra.isml/bbc_1xtra-audio%3d128000.norewind.m3u8	0	Other
LBC News	https://media-ssl.musicradio.com/LBCNewsUK	0	News
Heart UK	http://media-ice.musicradio.com/HeartUKMP3	0	Other
 BBC RADIO 1 DANCE: The biggest current, future and classic dance vibes	http://151.80.56.90:8090/bbc_radio_one_dance.aac	0	Other
JFSR - Jazz Funk Soul Radio	https://s2.radio.co/s22ae5a8a6/listen	0	Music
 BBC RADIO 1XTRA: Amplifying black music & culture	https://a.files.bbci.co.uk/ms6/live/3441A116-B12E-4D2F-ACA8-C1984642FA4B/audio/simulcast/hls/nonuk/audio_syndication_low_sbr_v1/aks/bbc_1xtra.m3u8	0	Music
BBC World Service (128k)	http://as-hls-ww-live.akamaized.net/pool_87948813/live/ww/bbc_world_service/bbc_world_service.isml/bbc_world_service-audio%3d128000.norewind.m3u8	0	Other
 VIRGIN RADIO UK: Rock‘n’Roll Radio From The Top Of The Tower	https://virgin.live.stream.broadcasting.news/stream	0	Music
House Nation UK	https://streaming.radio.co/s06bd9d805/listen	0	Other
Rinse UK	https://admin.stream.rinse.fm/proxy/rinse_uk/stream	0	Other
UK Bass Radio	https://www.ukbassradio.com/stream	0	Other
BBC Radio One	https://a.files.bbci.co.uk/ms6/live/3441A116-B12E-4D2F-ACA8-C1984642FA4B/audio/simulcast/hls/nonuk/audio_syndication_low_sbr_v1/aks/bbc_radio_one.m3u8	0	Other
BBC Radio 5 Live (UK-HLS-Akamai)	http://a.files.bbci.co.uk/ms6/live/3441A116-B12E-4D2F-ACA8-C1984642FA4B/audio/simulcast/hls/uk/audio_syndication_high_sbr_v1/ak/bbc_radio_five_live.m3u8	0	Other
Jazz London Radio	http://radio.canstream.co.uk:8075/live.mp3	0	Music
Hits Radio UK	https://stream-al.hellorayo.co.uk/key.aac?aw_0_1st.skey=1602676850&direct=true&rp_source=1	0	Other
ROKit Radio : British Comedy 1	https://streaming04.liveboxstream.uk/proxy/roksta14/stream	0	Other
BritCom 3 - British Comedy Radio (Pumpkin FM OTRN)	https://cast2.asurahosting.com/proxy/britcom3/stream	0	Other
Radio X Classic Rock	https://media-ice.musicradio.com/RadioXClassicRockMP3	0	Music
LBC London (National stream)	http://media-ice.musicradio.com/LBCUKMP3Low	0	Other
Classic FM Essential Classical	https://icecast.thisisdax.com/ClassicFM-M-Essential	0	Music
Radio X	http://icecast.thisisdax.com/RadioXUKMP3	0	Other
Heart 80s	http://media-ice.musicradio.com/Heart80sMP3	0	Other
BBC Radio 2	http://as-hls-ww-live.akamaized.net/pool_74208725/live/ww/bbc_radio_two/bbc_radio_two.isml/bbc_radio_two-audio%3d96000.m3u8	0	Other
Capital Dance	https://icecast.thisisdax.com/CapitalDanceMP3	0	Other
TMM 1	https://listen-msmn.sharp-stream.com/nme1.mp3	0	Other
BritCom 1 - British Comedy Radio  (Pumpkin FM OTRN)	https://cast2.asurahosting.com/proxy/britcom1/stream	0	Other
 CAPITAL ANTHEMS: The Songs Capital Made Famous	https://media-ssl.musicradio.com/CapitalAnthemsMP3	0	Other
BBC Radio 3 Unwind (128k)	http://as-hls-ww-live.akamaized.net/pool_30624046/live/ww/bbc_radio_three_unwind/bbc_radio_three_unwind.isml/bbc_radio_three_unwind-audio%3d128000.norewind.m3u8	0	Other
BritCom 2 - British Comedy Radio (Pumpkin FM OTRN)	https://cast2.asurahosting.com/proxy/britcom2/stream	0	Other
 CAPITAL CHILL: Non-stop chilled beats	https://media-ssl.musicradio.com/CapitalChill	0	Other
Kool FM	https://admin.stream.rinse.fm/proxy/kool/stream	0	Other
TalkSPORT	https://radio.talksport.com/stream	0	Sports
Smooth Radio London 102.2	http://media-the.musicradio.com/SmoothLondonMP3	0	Other
BBC Radio 6 Music	http://as-hls-ww-live.akamaized.net/pool_81827798/live/ww/bbc_6music/bbc_6music.isml/bbc_6music-audio=320000.norewind.m3u8	0	Music
Absolute Radio 80s	https://stream-ar.hellorayo.co.uk/absolute80shigh.aac?aw_0_1st.skey=1602676850&direct=true&rp_source=1	0	Other
Радио Сева (Radio Seva Novgorodsev)	https://seva.ru/radio/stream	0	Other
