Zeppelin 106.7	https://radiostreaming.ert.gr/ert-zeppelin	0	Other
Psyndora Psytrance	http://cast.magicstreams.gr:9111/stream	0	Other
Blues Radio	http://cast3.radiohost.ovh:8352/	0	Other
Sport FM 94.6	http://netradio.live24.gr/sportfm7712	0	Sports
Psyndora Chillout	http://cast.magicstreams.gr:9125/stream	0	Other
Trance Athena	http://cast.streams.ovh:8008/stream	0	Other
Pepper 96.6	https://stream.radiojar.com/pepper	0	Other
SKAI 100.3	https://skai.live24.gr/skai1003	0	Other
Rythmos 94.9	http://stream.radiojar.com/aw1w2xfx1vduv	0	Other
Real FM 97.8	http://netradio.live24.gr/realfm	0	Other
Electronica Vibes - Pirate Radio GR	https://live.piratefm.net/electronica_vibes	0	Other
Mega News 104.6	https://nmcdn-ea00263bf2fa4959b1207c5b169d1517.msvdn.net/icecastRelay/S92303783/lih0S0uubyJi/icecast	0	News
1055 Rock - Thessaloniki	https://radio.1055rock.gr:31056/live	0	Music
Sfera 102.2	http://sfera.live24.gr/sfera4132	0	Other
Vanilla Radio Deep Flavors	https://stream.vanillaradio.com:8003/live	0	Other
Σκύλος 90	http://n01.radiojar.com/819r8wupdrruv?rj-ttl=5&rj-tok=AAABePEMVGgAGH9g3lsAx7imBA	0	Other
Ellinikos 93.2	http://netradio.live24.gr/orange9320	0	Other
MENTA 88	https://netradio.live24.gr/menta88ath?1699021717	0	Other
Vanilla Radio Smooth Flavors	https://smooth.vanillaradio.com:8032/live	0	Other
Kiss 92.9	http://netradio.live24.gr/kissfmathens	0	Other
Metropolis 95.5	http://metropolis.live24.gr/metropolis955thess	0	Other
Love Radio 97.5	http://netradio.live24.gr/loveradio-1000	0	Other
ΕΡΑσπορ	https://radiostreaming.ert.gr/ert-erasport	0	Other
Δρομοσ 89,8 | Dromos 89,8	http://netradio.live24.gr/dromos2	0	Other
1st Greek Jazz FLAC Radio AAC+	https://stream.newageradio.gr/listen/jazz/radio.aac	0	Music
Skai 100.3	http://netradio.live24.gr/skai1003	0	Other
Rainbow 89	http://n0e.radiojar.com/083wqknmsuhvv?rj-ttl=5&rj-tok=AAABhHgFMdoAMjpYSw5BtqF9Zg	0	Other
Παραπολιτικά FM 90.1	http://netradio.live24.gr/athinaradio	0	Other
Ρυθμός 89.2	http://s4.onweb.gr:8892/stream?type=http&nocache=136101	0	Other
Seven News 94.4	https://i5.streams.ovh:14030/live	0	News
Δίεση 101.3	http://orange.live24.gr/orange9320	0	Other
Derti 98.6	http://derti.live24.gr/derty1000	0	Other
Πειραϊκή Εκκλησία	https://impradio.bytemasters.gr/8002/stream	0	Other
ERA Trito Programma	http://radiostreaming.ert.gr/ert-trito	0	Other
Μάχη 99.8	https://maxhfm.streams.gr/ic/maxhfm/stream	0	Other
Best 92.6	http://best.live24.gr/best1222	0	Other
Sfera 102.2	https://sfera.live24.gr/sfera4132	0	Other
KISS FM 100.6	http://live.radiokiss.gr/kissfm1006hq.mp3	0	Other
En Lefko 87.7	https://n12a-eu.rcs.revma.com/trm75ret4c3vv?rj-ttl=5&rj-tok=AAABnHLBW28A7OTR3a298An3Yg	0	Other
Μελωδία Θεσσαλονίκης 98	https://netradio.live24.gr/north98thess	0	Other
1st Greek Hits FLAC Non-Stop Radio	https://stream.newageradio.gr/listen/flac_gr/radio.aac	0	Other
Music 89.2	https://netradio.live24.gr/music892	0	Music
Parapolitika 90.1	https://netradio.live24.gr/athinaradio	0	Other
1st Greek New Age FLAC Radio AAC+ 320kbps	https://stream.newageradio.gr/listen/hq/radio.aac	0	Other
ΕΡΤ Δεύτερο Λαϊκά	http://radiostreaming.ert.gr/ert-talaika	0	Other
Athina 984	http://athina984.live24.gr/athina984	0	Other
Radio Art - Chillout	http://air.radioart.com/fChillout.mp3	0	Other
Imagine 897 Thessaloniki,gr 	https://imagine897.radioca.st/stream	0	Other
stokokkino	http://stream.radiojar.com/kokkino-ath.mp3	0	Other
Focus FM 103.6	https://ice.greekstream.net/focusfm	0	Other
Mad Radio 106.2	http://mediaserver.mad.tv/stream	0	Other
ERA Kosmos	http://radiostreaming.ert.gr/ert-kosmos	0	Other
Off Radio - Athens	http://s3.yesstreaming.net:7062/stream	0	Other
Laikos FM	http://netradio.live24.gr/laikos876	0	Other
Chill FM GR	https://stream-61.zeno.fm/p2rk6a1pfg0uv?zs=vzCFMjdPQzq1cC0zehM5Aw&acu-uid=727435602967&triton-uid=cookie%3A83ca5b14-582e-4c12-a5ab-255cdb39e2cb	0	Other
ERA Proto Programma	http://radiostreaming.ert.gr/ert-proto	0	Other
OFFradio (320)	https://s7.yesstreaming.net/stream/8000	0	Other
Club FM GR	https://stream-32.zeno.fm/z8cp1nqwhnruv?zs=sUtan8GnTDGarEqChfudfg&acu-uid=727435602967&triton-uid=cookie%3A83ca5b14-582e-4c12-a5ab-255cdb39e2cb	0	Other
Jazz Cafe	https://stream-59.zeno.fm/hx6t4t15e8zuv?zs=NBUVDmgqQSWS38xPcU2OmA&acu-uid=727435602967&triton-uid=cookie%3A83ca5b14-582e-4c12-a5ab-255cdb39e2cb	0	Music
Μελωδία 99.2	https://stream.rcs.revma.com/8tdwa6ez1duvv	0	Other
Cosmoradio 95,1	http://eco.onestreaming.com:8689/	0	Other
ERA Deftero Programma	http://radiostreaming.ert.gr/ert-deftero	0	Other
Derti 107.7	http://i5.streams.ovh:14008/stream?type=http&nocache=100540	0	Other
99 Ράδιο 1	http://n13.radiojar.com/t0x7dyqmsuhvv?rj-ttl=5&rj-tok=AAABhH0rD-QAgA2xJnC5B93PWQ	0	Other
Best Radio 92.6	https://best.live24.gr/best1222	0	Other
Sport FM 94.6	http://sportfm.live24.gr/sportfm7712?344b685e2518b0370f0d731432f51438	0	Sports
Lampsi 92.3	https://az11.yesstreaming.net:8140/radio.mp3	0	Other
REBEL 105.2	http://netradio.live24.gr/rebel1052	0	Other
Εκκλησία της Ελλάδας 89.5	https://loki.mental-media.gr:8038/index.html	0	Other
Blues Radio Athens	https://i4.streams.ovh/sc/bluesrad/stream	0	Other
easy	https://easy972.live24.gr/easy972	0	Other
Athens Deejay 95.2	http://netradio.live24.gr/athensdeejay	0	Other
realfm97.8	https://realfm.live24.gr/realfm	0	Other
VELVET 96.8	http://s10.voscast.com:9942/;	0	Other
ΕΡΤ Δεύτερο Πρόγραμμα	https://radiostreaming.ert.gr/ert-deftero	0	Other
 Alexandroupolis Dee Jay 94.8	https://stream.myip.gr/proxy/deejay?mp=/stream	0	Other
Happy 104	http://ath10400fm-radioplayer.live24.gr/ath10400fm	0	Other
Ερωτικός 94.8	http://eu1.fastcast4u.com:21624/stream	0	Other
Disco Net	https://stream1.468.gr/8004/stream	0	Other
Vanilla Radio.com - Fresh Flavours Stream	https://fresh.vanillaradio.com:8028/live	0	Other
Bar Legend Radio	https://solid24.streamupsolutions.com/proxy/nilxzqeg?mp=/stream	0	Other
Disco Cafe	https://azuracast.streams.ovh:8260/radio.mp3	0	Other
Radio Art - Piano for Sleep	http://air.radioart.com/fPiano_for_sleep.mp3	0	Other
ΕΡΤ Kosmos	https://radiostreaming.ert.gr/ert-kosmos	0	Other
Rock FM 96.9	https://az10.yesstreaming.net:8060/radio.mp3	0	Music
Red 96.3	https://netradio.live24.gr/red9630	0	Other
Dalkas 88.2	https://stream.radiojar.com/pr9r38w802hvv	0	Other
Radio Art - Relaxing (Violin, Piano & Cello)	http://air.radioart.com/fRelaxing.mp3	0	Other
Chillout TreePines 	https://n07.radiojar.com/n4dzb3znn3quv.mp3?rj-ttl=5&rj-tok=AAABhNTTrbwAVrK_m_qtIxI5pQ	0	Other
FLY 104	https://imagine2.radioca.st/;	0	Other
ERT news	https://radiostreaming.ert.gr/ert-proto	0	News
Rock Melodic Radio	http://live.rockmelodic-radio.com:8124/stream	0	Music
Hit Ellinikos	https://solid9.streamupsolutions.com/proxy/zvbgdllc?mp=/stream	0	Other
Galaxy Music The Deep House	https://stream-51.zeno.fm/sgehc2mzwd0uv?zs=DutBe-m5Sz6waLQy8l8ejg	0	Music
Alpha 98.9	http://stream.radiojar.com/xcdg6yggzfeuv	0	Other
1st Greek 80s FLAC Radio	https://stream.newageradio.gr/listen/80s/radio.mp3	0	Other
