Radio Mirchi Hindi	https://eu8.fastcast4u.com/proxy/clyedupq/stream	0	Other
Bollywood Gaane Purane	https://stream.zeno.fm/6n6ewddtad0uv	0	Other
Mirchi Top 20	https://drive.uber.radio/uber/bollywoodnow/icecast.audio	0	Other
Red Fm	https://funasia.streamguys1.com/live9	0	Other
Hindi Gold Radio	https://azuracast.vibesounds.in:8010/radio.mp3	0	Other
Rafi hit songs	https://stream-143.zeno.fm/0zkr7x8ztm0uv?zs=WTPQx8TiQXSo11XU0iyTAQ	0	Other
latamangeshkarradio	https://stream.zeno.fm/87xam8pf7tzuv	0	Other
Nostalgic Bollywood 90s	https://www.desizoneradio.com/relay3	0	Other
RADIO BOLLYWOOD 90s	https://stream.zeno.fm/rm4i9pdex3cuv	0	Other
Mirchi Love	https://drive.uber.radio/uber/bollywoodlove/icecast.audio	0	Other
BIG 92.7 FM	https://stream.zeno.fm/dbstwo3dvhhtv	0	Other
Diverse FM	https://carol.epichosts.co.uk:8570/;	0	Other
Hindi Retro	https://stream.zeno.fm/v2zfmxef798uv	0	Other
Radio Hotstar	https://leo.streamerr.co/8004/stream	0	Other
Fnf.Fm Hindi	http://192.99.8.192:5032/;stream	0	Other
Hits Of Bollywood	http://stream.zeno.fm/8ty8szwpwfeuv	0	Other
Goldy Evergreen	https://stream.zeno.fm/n2fd0edh9k8uv	0	Other
Bombay Beats Radio	https://strmreg.1.fm/bombaybeats_mobile_mp3	0	Other
Vividh Bharati	https://air.pc.cdn.bitgravity.com/air/live/pbaudio001/playlist.m3u8	0	Other
kishorekumarradio	https://stream.zeno.fm/0ghtfp8ztm0uv	0	Other
Radio 24	https://s7.everestcast.com:1155/stream	0	Other
Hits Of Lata Mangeshkar	http://stream.zeno.fm/g95zm67prfhvv	0	Other
Radio Udaan	https://stream.radioudaan.com/listen/radio_udaan/radio.mp3	0	Other
MY RADIO DJ	http://stream.zeno.fm/84h97t3ewg0uv	0	Other
Radio Gaana	https://sp14.instainternet.com/8044/stream	0	Other
Free FM Top 100 India	https://stream.zeno.fm/a5h7vfret68uv	0	Other
Madhur Sangeet Radio	https://stream.zeno.fm/yv2k0dp18vzuv	0	Other
Bollywood classic songs 	https://node-12.zeno.fm/60ef4p33vxquv?rj-ttl=5&rj-tok=AAABc-OCFngAs_AvDsY_StEpMg	0	Other
Hits Of Mohammed Rafi	http://stream.zeno.fm/0zkr7x8ztm0uv	0	Other
New Hits Of Bollywood	https://stream-146.zeno.fm/rqqps6cbe3quv?zs=loHp_DNyRPiAxC52AL95hg	0	Other
Radio Madhoshi	https://stream.zeno.fm/7rsl8fsccf8uv	0	Other
MY CLUB REMIX	http://stream.zeno.fm/u7eee0hyzp8uv	0	Other
Radio Hungama Bollywood Dil Se	https://stream.zeno.fm/143d7gty24zuv	0	Other
Radio BollyFm	http://stream.radiobollyfm.in:8201/hd?t=1526570335	0	Other
AIR Delhi FM Gold	https://airhlspush.pc.cdn.bitgravity.com/httppush/hlspbaudio005/hlspbaudio005_Auto.m3u8	0	Other
Mirchi Love Hindi	https://drive.uber.radio/uber/lrbollywood/icecast.audio	0	Other
60sforever	https://stream.zeno.fm/btrks671ynhvv	0	Other
Radio Retro Bollywood 90s	https://stream-143.zeno.fm/fdgs82xkzhhvv	0	Other
Free FM Bombay	https://rocafmadrid.radioca.st/	0	Other
AIR Fm Gold Delhi	https://airhlspush.pc.cdn.bitgravity.com/httppush/hlspbaudio005/hlspbaudio00564kbps.m3u8	0	Other
RadioNev (24x Hits Music Station)	https://a7.asurahosting.com:8140/radio.mp3	0	Music
Radio Mirchi Masti	http://162.244.80.118:9460/stream.mp3	0	Other
Radio Maharani	https://streamasiacdn.atc-labs.com/radiomaharani.aac	0	Other
Bollywood 2010's	https://drive.uber.radio/uber/bollywood2010s/icecast.audio	0	Other
Bollywood_Dance	http://drive.uber.radio/uber/bollywooddance/icecast.audio	0	Other
Aaj Tak News Radio Live	https://feeds.intoday.in/aajtak/api/master.m3u8	0	News
My 90s Bengali	http://stream.zeno.fm/2k6xfu1pvs8uv	0	Other
Radio asikakana	https://mars.streamerr.co/8154/stream	0	Other
All India Radio News 24X7	https://airhlspush.pc.cdn.bitgravity.com/httppush/hlspbaudio002/hlspbaudio002_Auto.m3u8	0	News
90’s Tamil Melodies	https://stream.zeno.fm/tqnws2eafwzuv.aac	0	Other
Pew Hits Desi	https://pewhits.duckdns.org/stream/pewhitsdesi	0	Other
HARMAN BEASTS 	https://stream.zeno.fm/jmi0hwxrgmauv	0	Other
Hits Of Kishor Kumar	http://stream.zeno.fm/pg6rqp8ztm0uv	0	Other
Sooriyan FM	https://radio.lotustechnologieslk.net:8006/;stream.mp3	0	Other
Free FM 80´s India	https://freefm80.radioca.st/	0	Other
Mohammed Rafi	https://stream.zeno.fm/6yqvumgfxtzuv	0	Other
Radio Badal	https://stream.zeno.fm/nhrtcxg09u8uv	0	Other
SVBC TTD Radio	https://radio.mslivecdn.com:6278/stream	0	Other
80’s Tamil Hits	https://stream.zeno.fm/48w230kx8vzuv.aac	0	Other
Radio Digital Malayali	https://radio.digitalmalayali.in/listen/stream/radio.mp3	0	Other
Bollywood 2000's 	https://2.mystreaming.net/uber/bollywood2000s/icecast.audio	0	Other
Desi Hits 2000s	https://www.desizoneradio.com/relay2	0	Other
Goldy Mukesh	https://stream.zeno.fm/t39watus1p8uv	0	Other
Radio Namkin	https://stream.zeno.fm/yg1qhsbaqv5tv	0	Other
London Telugu Radio	https://c8.radioboss.fm/stream/33	0	Other
Radio Bollywood Gaane Purane	https://stream-145.zeno.fm/6n6ewddtad0uv?zs=Hc47dloSRx-vBgJnNOT8DA	0	Other
BombayBeats	http://strm112.1.fm/bombaybeats_mobile_mp3	0	Other
Maayboli Marathi	http://stream.zeno.fm/48kybvzrwfeuv	0	Other
Radio Gyansthali 89.6 FM	https://streamasiacdn.atc-labs.com/gyansthali.aac	0	Other
Classic Radio Bhakti Sangeet 	https://stream.zeno.fm/epylmeu4zf7vv	0	Other
Vividh Bharti	http://air.pc.cdn.bitgravity.com/air/live/pbaudio001/playlist.m3u8	0	Other
Big FM Tamil	https://stream.zeno.fm/r2gn1pgm4qruv	0	Other
Radio Mango 	https://downloads.manoramaonline.com/Audios/Radiomango/Main-jingle.mp3	0	Other
Suno Sharda - 90.8FM	https://streamasiacdn.atc-labs.com/shardaradio.aac	0	Other
89.4 Tamil FM	https://centova.aarenworld.com/proxy/894tamilfm/stream	0	Other
Fever 104 FM	https://radio.canstream.co.uk:8115/live.mp3	0	Other
Mohobbat Radio	https://stream.zeno.fm/t2ekq8zsgtzuv	0	Other
Mixify Bollywood	https://server.mixify.in/listen/listen/radio.mp3	0	Other
2B! Radio Sangam Krishna	http://millenniumhits.out.airtime.pro:8000/millenniumhits_a	0	Other
Tamil Sun FM	https://usa2.fastcast4u.com/proxy/tamilsun?mp=/;	0	Other
shreyaghosal	https://drive.uber.radio/uber/bollywoodshreyaghosal/icecast.audio	0	Other
REPLAY NEWS - हिन्दी 【हर 5 मिनट पर खबरों वाला रेडियो】	https://replaynewshi.ice.infomaniak.ch/replaynewshi-128.mp3	0	News
Radio Jagriti 90.4 FM	https://stream.zeno.fm/kgdue4hmffhvv	0	Other
AIR KODAI FM	https://air.pc.cdn.bitgravity.com/air/live/pbaudio051/chunklist.m3u8	0	Other
Radio Sangwari	https://servidor19.brlogic.com:7002/live	0	Other
Radio Indigo 91.9 FM in Panaji/Bangalore	https://a5.asurahosting.com:8600/radio.mp3	0	Other
bollywoodandbeyond	https://s6.yesstreaming.net/proxy/john1237?mp=/live	0	Other
Mohabbat Radio Punjabi	http://stream.zeno.fm/t2ekq8zsgtzuv	0	Other
Radio Khushbu	https://radio.pblab.in/radiokhushbu	0	Other
Radio Mirchi USA	https://streams.radio.co/s8d06d0298/listen	0	Other
Vividh Bharti Mumbai	https://airhlspush.pc.cdn.bitgravity.com/httppush/hlspbaudio011/hlspbaudio011_Auto.m3u8	0	Other
Bhajans Radio Guyana	https://s5.citrus3.com:8148/stream	0	Other
Goldy Cool	https://stream.zeno.fm/3k1fb86tfm8uv	0	Other
