Gotanno FM 89.2	https://radio.gotanno.love/;	0	Other
Anime Para Ti	https://stream.zeno.fm/qpn8mkt8c4duv	0	Other
SOUND UP STATION NFRS	https://stream2.rcast.net/70945	0	Other
BOX : Japan City Pop - 日本のシティポップ	https://play.streamafrica.net/japancitypop	0	Music
Japan Hits - asia DREAM radio	http://quincy.torontocast.com:2020/stream.mp3	0	Other
Jazz Sakura (asia dream radio)	http://kathy.torontocast.com:3330/stream/1/?esPlayer&cb=82181.mp3	0	Music
Yumi Co. Radio	https://yumicoradio.net/stream	0	Other
NHKワールド・ラジオ日本	https://masterpl.hls.nhkworld.jp/hls/r1/live/master.m3u8	0	Other
Wave Anime Radio	https://channel_3.waveani.fun/stream	0	Other
NHK WORLD RADIO	https://nhkworld-radio.nhkworld.jp/hls/live/nhkworld-radio-media2/index.m3u8	0	Other
ARA FM	http://141.164.38.238/listen/ara_fm/radio.mp3	0	Other
stereo anime	https://radio.stereoanime.com/listen/stereoanime/128	0	Other
Chifuru!	https://157.254.194.202/stream/nanahira@256	0	Other
Listen.Moe JPop Vorbis	https://listen.moe/stream	0	Music
Retro PC GAME MUSIC Streaming Radio	http://gyusyabu.ddo.jp:8000/	0	Music
J-Pop Sakura (asia DREAM radio)	https://quincy.torontocast.com:2070/stream.mp3	0	Music
R/a/dio	https://relay0.r-a-d.io/main.mp3	0	Other
FM Kahoku 78.7 (FMかほく, JOZZ5AM-FM, 78.7 MHz, Kahoku City, Ishikawa)	http://radio.kahoku.net:8000/;	0	Other
FM世田谷	https://fmsetagaya834.out.airtime.pro/fmsetagaya834_a	0	Other
RADIO CLUB DJ	http://4stream.pl:18272/stream	0	Other
Shonan Beach FM 78.9	http://shonanbeachfm.out.airtime.pro:8000/shonanbeachfm_a	0	Other
AshiyaRadio〜アシヤ・ラヂヲ〜	https://s3.radio.co/sc8d895604/listen	0	Other
Free FM Tokyo	https://rocafmadrid.radioca.st/stream	0	Other
REPLAY NEWS - 日本語 5分ごとのニュースラジオ	https://replaynewsja.ice.infomaniak.ch/replaynewsja-128.mp3	0	News
OnlyHits Japan	https://j.onlyhit.us/play	0	Other
Vocaloid Radio (320kbps)	https://vocaloid.radioca.st/stream	0	Other
Anison动漫音乐台	http://pool.anison.fm:9000/AniSonFM(320)?	0	Music
SBS PopAsia	https://sbs-ice.streamguys1.com/sbs-popasia-sbs-web	0	Music
J-Pop Sakura	http://quincy.torontocast.com:2070/stream.mp3	0	Music
asia DREAM radio - Japan Hits	https://quincy.torontocast.com:2020/stream.mp3	0	Other
J1 Gold (HTTP)	http://jenny.torontocast.com:8062/	0	Other
AnimeRadio.de	http://stream.animeradio.de/animeradio.mp3	0	Other
J-Rock Powerplay(Asia DREAM Radio)	https://kathy.torontocast.com:3340/;?shoutcast	0	Music
Big B Radio亚洲音乐台	https://antares.dribbcast.com/proxy/apop?mp=/s	0	Music
Big B Radio - Jpop	https://antares.dribbcast.com/proxy/jpop?mp=/s	0	Music
Real Love Music - Radio Future Funk	https://stream-152.zeno.fm/48533y95cnruv?zs=doyTUcjfTvCVtBOS3nlI8g	0	Music
City Poppers	https://stream.zeno.fm/ricmeoweux2uv	0	Music
Nei-Di's ACG Music	http://neidi.homeip.net:8080/;	0	Music
J-Pop Christmas	https://cast3.torontocast.com:1170/;	0	Music
AnimeNfo Radio	https://stream.zenolive.com/xwa8ckz7mzzuv	0	Other
Fred Film Radio(日本語)	https://s10.webradio-hosting.com/proxy/fredradiojp/stream	0	Other
Ottava	http://ottava2.out.airtime.pro:8000/ottava2_a	0	Other
City Pop One	http://65.21.61.215:8000/citypopone	0	Music
Neuro 21 Station	https://radio.twinskaraoke.com/listen/neuro_21/radio.mp3	0	Other
J1 Hits (HTTP)	http://jenny.torontocast.com:8056/	0	Other
J-Pop Powerplay Kawaii(asia dream radio)	https://kathy.torontocast.com:3060/;?shoutcast	0	Music
Radio Anime Nexus	https://cast.animenexusla.com/radio/8000/animenexus	0	Other
Yggdrasil Radio	http://radio.shirayuki.org:9200/	0	Other
VRC放送局	https://vrc.gate.vrtv.jp/live?p=g&u=d	0	Other
Culture Failure	http://culturefailure.com:8000/;	0	Culture
V家电台·Vocaloid Radio	http://curiosity.shoutca.st:8019/stream	0	Other
Вокалоид радио (Vocaloid Radio on mikupa.ru)	http://aska.ru-hoster.com:8093/mikuparu	0	Other
JPop Powerplay Kawaii	http://kathy.torontocast.com:3060/stream/1/?esPlayer&cb=221391.mp3	0	Music
Free FM Chill New York	https://freefmchill.radioca.st/	0	Other
Moon Mission Recordings	http://uk5.internet-radio.com:8306/	0	Other
JPHiP Radio	http://radio.jphip.com:8800/	0	Other
LISTEN.moe Jpop (Opus)	https://listen.moe/opus	0	Music
City Hunter OST 24/7	http://5.178.110.76:8000/cityhunter.mp3	0	Other
NFRS Radio	https://securestreams.autopo.st:2592/stream?t=1769818665235	0	Other
RadiCro (レディクロ)	https://radicrojapan.out.airtime.pro/radicrojapan_a	0	Other
Anime Radio	http://stream.laut.fm/animefm	0	Other
VocaloPlus! Vocaloid & More	http://play.isla.ovh/vocaloplus	0	Other
Yumi Co. Radio	https://yumicoradio.net/stream_aac64	0	Other
Kawaii Music	https://kawaii-music.stream.laut.fm/kawaii-music	0	Music
ADBT Radio	http://217.79.181.61:8000/;	0	Other
Wave Anime Radio	https://channel_1.waveani.fun/stream	0	Other
J-Club Powerplay HipHop(Asia DREAM Radio)	https://kathy.torontocast.com:3350/;?shoutcast	0	Other
IA Music & News - Japanese	https://ianewsja.ice.infomaniak.ch/ianewsja-128.mp3	0	News
WREP	http://c13.radioboss.fm:8200/stream	0	Other
Radio Mast Japanese	https://streams.radiomast.io/a622d414-52a6-4426-b3b8-ed2a4dbb704b	0	Other
ЯН-ФМ Anime	http://animklatu.stream.laut.fm/animklatu?t302=2026-10-01_00-59-57&uuid=45bc2b10-0fc2-14a3-c625-faecc3548a15	0	Other
Big B Radio - Asian pop	https://antares.dribbcast.com/proxy/apop?mp=/s?	0	Music
幻想乡电台Gensokyo Radio	https://stream.gensokyoradio.net/1	0	Other
Wave Anime Radio	https://channel_2.waveani.fun/stream	0	Other
J-Club Powerplay HipHop	https://kathy.torontocast.com:3350/	0	Other
MDK Space Radio	https://radio.mdkband.com/stream.mp3	0	Other
Eden Radio	https://edenofthewest.com/listen/eden-radio/radio.mp3	0	Other
Free FM	https://rocafmadrid.radioca.st/	0	Other
Galau Jikan FM - Indonesia	https://radio.gjfm.my.id/listen/gjfm/siaran	0	Other
Otaku MusicRadio	http://kathy.torontocast.com:2880/;	0	Music
Phate	http://phate.io/listen	0	Other
Radio Caprice - J-Pop	http://79.111.119.111:8000/jpop	0	Music
Hitsujikai Radio	http://streaming.radio.co/se4a8e6a93/listen	0	Other
