Radio Zu	http://zuicast.digitalag.ro:9420/zu	0	Other
Radio Romania Actualități	http://89.238.227.6:8006/;	0	Other
Kiss Fm	https://live.kissfm.ro/kissfm.aacp	0	Other
DIGI FM	http://edge76.rdsnet.ro:84/digifm/digifm.mp3	0	Other
Play 90's	http://live.playradio.org:9090/90HD	0	Other
Pescobar Radio	https://listen.radioking.com/radio/701141/stream/766385	0	Other
Dance FM 89.5 Bucharest	http://edge126.rdsnet.ro:84/profm/dancefm.mp3	0	Other
Magic Fm	https://live.magicfm.ro/magicfm.aacp	0	Other
Europa FM	http://astreaming.europafm.ro:8000/europafm_aacp48k	0	Other
Radio Impuls Romania	https://live.radio-impuls.ro/stream	0	Other
Kiss Fm Ro	https://live.kissfm.ro/kissfm.aacp	0	Other
Pro FM	http://edge126.rdsnet.ro:84/profm/profm.mp3	0	Other
Retro FM Moldova	https://efir.retrofm.md:8000/retro	0	Other
Radio România Cultural	http://stream2.srr.ro:8012/	0	Other
RADIO CLUB DJ	http://4stream.pl:18272/stream	0	Other
Europa FM Romania	https://astreaming.edi.ro:8443/EuropaFM_aac	0	Other
Radio Guerrilla	http://live.guerrillaradio.ro:8010/guerrilla.aac	0	Other
Magic Party Mix	https://live.magicfm.ro/magic.party.mix	0	Other
RockFM	https://live.rockfm.ro/rockfm.aacp	0	Music
Dance FM	https://edge126.rcs-rds.ro/profm/dancefm.mp3	0	Other
Digi FM	https://edge76.rcs-rds.ro/digifm/digifm.mp3	0	Other
Dance Fm Moldova	http://37.233.41.76:8000/dancefm	0	Other
Radio Manele FM	http://a.fmradiomanele.ro:8054/;	0	Other
Virgin Radio Romania	https://astreaming.edi.ro:8443/VirginRadio_aac	0	Other
EuropaFM	http://astreaming.edi.ro:8000/EuropaFM_aac	0	Other
GoldFM	http://80.86.106.110:8002/	0	Other
Radio Hot Style	http://mp3.radiohot.ro:8000/stream	0	Other
Radio Vacanța - Gold 	https://stream4.srr.ro:8443/gold_rv	0	Other
Radio Trinitas	http://81.196.25.70:8000/	0	Other
Romantic FM	http://zuicast.digitalag.ro:9420/romanticfm	0	Other
Radio Manele Premium	http://88.198.70.25:8894/;	0	Other
Radio ZU	https://live7digi.antenaplay.ro/radiozu/radiozu-48000.m3u8	0	Other
Lautaru Populara	http://live.radiolautaru.ro:9000/;stream.nsv	0	Music
DJ Radio Romania	https://stream.djradio.ro/radio/8000/stream.mp3	0	Other
Magic FM 	https://live.magicfm.ro/magicfm.aacp	0	Other
Rock Fm Hard Rock	https://live.rockfm.ro/hard.rock	0	Music
Radio Oldies Romania 	http://listen.radiooldies.ro:9200/;	0	Other
Play Radio 91.6	http://live.playradio.org:9090/FMHD	0	Other
RADIO MANELE PETRECERE	https://ssl.servereradio.ro/8123/stream	0	Other
Magic FM 80s HIts	https://live.kissfm.ro/Magic-80s	0	Other
Magic FM 90s Hits	https://live.kissfm.ro/Magic-90s	0	Other
90s 3nergy	https://s11.ssl-stream.com:8807/stream	0	Other
Radio 1 Manele	http://radio1manele.no-ip.org:8000/;	0	Other
Space Fm Dance	https://spacefm.live/radio/8000/spacefm128	0	Other
Național FM	http://live2.nationalfm.ro:8001/;	0	Other
ProB Radio	http://live.radioprob.ro:8888/stream	0	Other
Radio DEEA	http://radiocdn.nxthost.com/radio-deea	0	Other
FM Radio Manele	http://a.fmradiomanele.ro:8054/stream	0	Other
Antena satelor	http://89.238.227.6:8042/	0	Other
Acustic Radio	https://stream.zeno.fm/xmgnc6mcwnhvv	0	Other
Magic FM Party Mix	https://live.kissfm.ro/magic.party.mix	0	Other
Soft Rock Radio	https://gold.streamguys1.com/softrock.mp3	0	Music
Radio Cafe RO	http://live.radiocafe.ro:8048/live.aac	0	Other
Magic Gold Hits	https://live.magicfm.ro/magic.gold.hits	0	Other
Super Manele	https://stream.zeno.fm/w8461rwck5zuv	0	Other
Virgin Radio Romania	http://astreaming.virginradio.ro:8000/virgin_aacp_64k	0	Other
Jurnal Fm	https://audio.jurnalfm.md/hq	0	Other
Realitatea FM	https://shout.realitatea.net:8001/rfmweb	0	Other
Magic FM Relax	https://live.kissfm.ro/magic.lite	0	Other
Radio ROKS Moldova	https://stream.dixi.md:9443/Roks	0	Other
ROMÂNIA  Actualități	https://stream4.srr.ro:8443/romania-actualitati	0	Other
Smart FM	http://live.smartradio.ro:9128/live	0	Other
RFI Romania	http://asculta.rfi.ro:9128/live.aac	0	Other
Anișoara Radio	https://live.radioanisoara.ro:8080/stream	0	Other
Radio România Muzical	http://stream2.srr.ro:8026/	0	Other
Magic FM Movie Hits	https://dc.digi.live.kissfm.ro/magic-movies	0	Other
Radio Ai Noștri	https://s5.radio.co/sfd9f42d1d/listen	0	Other
LOVE PRO Dj Radio Chisinau	http://live.prodjradio.net:8000/;	0	Other
Play Radio Cafe	http://live.playradio.org:9090/CafeHD	0	Other
Radio Teatru Radiofonic România	https://asculta.teatruradiofonic.com/teatru	0	Other
Radio Boom House Music	https://stream.radioboom.ro/listen/boom_house_music/radio.mp3	0	Music
West City Radio	http://live.westcityradio.ro:8000/mp3	0	Other
Extravaganza Radio 	https://s3.radio.co/s1492c0564/listen	0	Other
FUN Radio Romania	http://online.webcastradio.ro/fun	0	Other
Radio România Muzical	http://stream2.srr.ro:8022/	0	Other
Radio România Cultural	http://stream2.srr.ro:8016/	0	Other
Kiss FM Chișinău	https://dc.digi.live.kissfm.ro/kissfm.chisinau	0	Other
Aquarelle FM	http://93.115.137.75:8000/aquarellefm.mp3	0	Other
Tequila România -Radio Manele	http://asculta.radiotequila.ro:7000/	0	Other
Activ România	https://stream.zeno.fm/72xsfrg0bfhvv	0	Other
Radio Deep	http://live.radiodeep.ro:7500/;	0	Other
Magic FM Love	https://dc.digi.live.kissfm.ro/magiclove	0	Other
Radio ZUM4	https://streams.radiozum.md/listen/zum4/ZUM4	0	Other
Romantic Radio	https://radio-romantic.ro/stream	0	Other
HIT FM Eurovision Hits	https://radio7.dixi.md/listen/hit_fm_eurovision_hits/eurovisionhits.aac	0	Other
Focus FM	http://live.focusfm.ro:8000/focusfmhigh.ogg.m3u	0	Other
Radio Folclor	https://ssl.omegahost.ro/8092/stream	0	Other
Capital FM - Manele	http://manele.capitalfm.ro:8020/;	0	Other
HIT FM Tricolor de Hituri	https://radio3.dixi.md/listen/hit_fm_tricolour/hitfmtricolor128.aac	0	Other
Megapolis Fm	https://megapolisfm.md:8443/886	0	Other
Radio Moldova	http://radiolive.trm.md:8000/RC-Actualitati	0	Other
Radio Timișoara 630 AM	http://89.238.227.6:8352/	0	Other
ROMÂNIA  Antena Satelor	https://stream4.srr.ro:8443/antena-satelor	0	Other
Black Rhino Radio	https://blackrhinoradio.out.airtime.pro/blackrhinoradio_a	0	Other
