Rádio Vlna	http://stream.radiovlna.sk/vlna-hi.mp3	0	Other
SRo1 Rádio Slovensko (256k)	http://live.slovakradio.sk:8000/Slovensko_256.mp3	0	Other
RÁDIO EXPRES	https://stream.bauermedia.sk/128.mp3	0	Other
Rádio Lumen	http://audio.lumen.sk:8000/live128.mp3	0	Other
SRo1 Rádio Slovensko	http://live.slovakradio.sk:8000/Slovensko_128.mp3	0	Other
Europa 2 	https://stream.bauermedia.sk/europa2.mp3	0	Other
Fun Radio	http://stream.funradio.sk:8000/fun128.mp3	0	Other
SRo2 Rádio Regina Východ	http://icecast.stv.livebox.sk/regina-ke_128.mp3	0	Other
SRo8 Rádio Litera	http://icecast.stv.livebox.sk/litera_128.mp3	0	Other
SRo2 Rádio Regina Stred	http://icecast.stv.livebox.sk/regina-bb_128.mp3	0	Other
SRo2 Rádio Regina Západ	http://icecast.stv.livebox.sk/regina-ba_128.mp3	0	Other
Slobodný vysielač	http://159.69.219.5:8010/mp3	0	Other
Rádio ROCK	https://stream.bauermedia.sk/rock-hi.mp3	0	Music
SRo9 Rádio Junior	http://live.slovakradio.sk:8000/Junior_128.mp3	0	Other
SRo9 Rádio Junior (256k)	http://live.slovakradio.sk:8000/Junior_256.mp3	0	Other
SRo3: Rádio Devín	http://icecast.stv.livebox.sk/devin_128.mp3	0	Other
SLOBODNÝ VYSIELAČ	http://vysielanie.online/radio/8020/SV128.mp3	0	Other
Detské Rádio	http://stream.21.sk/detskeradio-192.mp3	0	Other
Rádio Slovensko	https://icecast.stv.livebox.sk/slovensko_128.mp3	0	Other
Fun Radio  Chill	https://stream.funradio.sk:8000/chill128.mp3	0	Other
Radio Zabava	https://stream.zeno.fm/eyac00cx1nhvv	0	Other
Radio Basavel	https://stream.zeno.fm/6gd9c6yn4nhvv	0	Other
Rádio Vlna Oldies Party	https://stream.radiovlna.sk/party-hi.mp3	0	Other
Rádio Košice	http://stream.ecce.sk:8000/radiokosice-128.mp3	0	Other
Funrádio Mileniálky	http://stream.funradio.sk:8000/milenialky128.mp3	0	Other
Rádio Folk	https://mpc1.mediacp.eu/stream/demo2	0	Other
Fit family Radio	https://solid67.streamupsolutions.com/proxy/reqsithw/stream	0	Other
TV Lux (audio)	https://stream.tvlux.sk/lux/lux.stream_aac/playlist.m3u8	0	Other
Rádio Beta	http://109.71.67.102:8000/beta_live_high.mp3	0	Other
FUN RÁDIO DANCE	http://stream.funradio.sk:8000/dance128.mp3	0	Other
Rádio Janko Hraško	http://78.24.9.110:31088/	0	Other
Infovojna	https://stream1.infovojna.com:8000/live	0	Other
Radio Timișoara 630 AM	http://89.238.227.6:8352/	0	Other
Tiché Rádio	https://stream.ticheradio.sk/tiche.mp3	0	Other
Trnavské Rádio	https://solid33.streamupsolutions.com/proxy/mujdmamw/trnavske	0	Other
SKY Rádio	http://stream.skyradio.sk:8000/sky128	0	Other
Detské rádio	http://stream.21.sk/detskeradio-128.mp3	0	Other
Rádio Sity	https://radiosity.online:8000/aac	0	Other
Radio 7	https://play.radio7.sk/128	0	Other
Rádio Jazz	http://stream.sepia.sk:8000/jazz128.mp3	0	Music
Fun Radio CZ	http://stream.funradio.sk:8000/cs128.mp3	0	Other
Rádio Písnička	https://stream.slagr-radio.cz/pisnicka	0	Other
RÁDIO VLNA 60-70	https://stream.radiovlna.sk/gold-hi.mp3	0	Other
SRo4 Rádio FM	http://live.slovakradio.sk:8000/FM_256.mp3	0	Other
SubFM	https://stream.subfm.sk/subfm	0	Other
RTV - Radio Novi Sad 3	http://212.200.230.50:1935/rns3/treciprogram/livestream/stream.m3u8	0	Other
Top Rádio	https://solid1.streamupsolutions.com/proxy/vhhggmih/stream	0	Other
RÁDIO BETA - České a Slovenské hity	http://109.71.67.102:8000/beta_cspop.mp3	0	Other
Hitrádio Slovakia	https://hitradioslovakia.stream.laut.fm/hitradioslovakia	0	Other
Rádio Litera	https://icecast.stv.livebox.sk/litera_128.mp3	0	Other
FUN RÁDIO 80-90	http://stream.funradio.sk:8000/80-90-128.mp3	0	Other
RÁDIO BEST FM	https://stream3.bestfm.sk:8000/128.mp3	0	Other
Rádio Regina Západ	https://icecast.stv.livebox.sk/regina-ba_128.mp3	0	Other
BB FM rádio	http://stream.bbfm.sk/bbfm128.mp3	0	Other
radio metropolitan	https://mpc2.mediacp.eu:8214/stream	0	Other
Regina Východ	https://icecast.stv.livebox.sk/regina-ke_128.mp3	0	Other
RTVS Litera256	http://live.slovakradio.sk:8000/Litera_256.mp3	0	Other
Phonk Nation Radio	https://radio.mxnticek.eu/listen/phonk/128.mp3	0	Other
Radio Suita	https://radioserver.online/proxy/radiosuita/radiosuita.mp3	0	Other
RusynFM	http://stream.rusyn.fm/rusyny.mp3	0	Other
RÁDIO BETA 80-90	http://109.71.67.102:8000/beta_80a90.mp3	0	Other
RÁDIO VIVA	http://stream.sepia.sk:8000/viva128.mp3	0	Other
Šlágr Rádio	https://stream.slagr-radio.cz/mp3	0	Other
Dobré Rádio	https://stream.dobreradio.sk/dobreradio.mp3	0	Other
RÁDIO FM	https://icecast.stv.livebox.sk/fm_128.mp3	0	Other
Radio KIKS Československo	https://online.radiokiks.sk:8000/kiks_czsk.mp3	0	Other
Rádio Devín	http://live.slovakradio.sk:8000/Devin_256.mp3	0	Other
Rádio Frontinus	http://stream.frontinus.sk:8000/frontinus128.mp3	0	Other
Rádio Janko Hraško	http://78.24.9.110:31088/;	0	Other
Rádio Logos	http://radioserver.online:8824/;	0	Other
Rádio Sebastián	https://s2.ssl-stream.com/listen/radiosebastian/radio.mp3	0	Other
SUB:FM	http://stream.subfm.sk/subfm	0	Other
TA3	https://n13.stv.livebox.sk/ta3/685d9a141bd846e8facf83bc378da26b/1.smil/chunklist_b2691072.m3u8	0	Other
Radio X Ľudovky (Uniza)	https://stream.radiox.sk:8443/ludovky.mp3	0	Other
Rádio Devín	https://icecast.stv.livebox.sk/devin_128.mp3	0	Other
Rádio KIKS - Rock Music	https://online.radiokiks.sk:8000/kiks_rock.mp3	0	Music
Fred Film Radio-25 Slovenčina	https://s10.webradio-hosting.com/proxy/fredradiosk/stream	0	Other
RADIO BIBLIA SK	http://radiobiblia.online:8000/stream.ogg	0	Other
Rádio Aetter	http://stream.aetter.sk:8000/aetter	0	Other
Party Radio	https://mpc1.mediacp.eu/stream/partyradio	0	Other
Rádio KIKS - Big 90s	https://online.radiokiks.sk:8000/kiks_big90s.mp3	0	Other
RÁDIO VLNA Classic Rock	http://stream.radiovlna.sk:8000/rock-hi.mp3	0	Music
