Sveriges Radio - P3	https://live1.sr.se/p3-mp3-96	0	Other
Mix Megapol 104,3	https://live-bauerse-fm.sharp-stream.com/mixmegapol_instream_se_mp3	0	Other
Bandit Rock	http://fm02-ice.stream.khz.se/fm02_mp3	0	Music
Sveriges Radio - P1	https://live1.sr.se/p1-aac-320	0	Other
Lugna Favoriter Stockholm	http://fm03-ice.stream.khz.se/fm03_mp3?	0	Other
NRJ Sweden	http://tx-bauerse.sharp-stream.com/http_live.php?i=nrj_instreamtest_se_mp3	0	Other
Sveriges Radio P1	https://live1.sr.se/p1-mp3-96	0	Other
Sveriges Radio P4 Stockholm 	https://edge1.sr.se/p4sth-aac-320	0	Other
Sveriges Radio P4 Göteborg	https://live1.sr.se/p4gbg-aac-320	0	Other
RIX FM	https://fm01-ice.stream.khz.se/fm01_mp3	0	Other
106,7 Rockklassiker	http://tx-bauerse.sharp-stream.com/http_live.php?ua=WEB&i=rockklassiker_instream_se_mp3	0	Music
Sveriges Radio P3	https://edge1.sr.se/p3-aac-320	0	Other
Sveriges Radio P1	https://live1.sr.se/p1-aac-32	0	Other
Mix Megapol	http://tx-bauerse.sharp-stream.com/http_live.php?ua=WEB&i=mixmegapol_instream_se_mp3	0	Other
Sveriges Radio - P1	http://sverigesradio.se/topsy/direkt/srapi/132-hi-aac-http	0	Other
Sveriges Radio - P3	https://live1.sr.se/p3-aac-320	0	Other
Pirate Rock  Västkustens bästa rock	http://stream.piraterock.se:8101/webradio	0	Music
Mix Megapol 104,3	https://live-bauerse-fm.sharp-stream.com/mixmegapol_instream_se_aacp	0	Other
Star FM	http://fm05-ice.stream.khz.se/fm05_mp3	0	Other
Bandit Metal	http://wr03-ice.stream.khz.se/wr03_mp3	0	Other
Rix FM	http://fm01-ice.stream.khz.se/fm01_mp3	0	Other
Sveriges Radion P4 Östergötland	https://live1.sr.se/p4ostg-mp3-96	0	Other
Guldkanalen Malmö/Lund	http://stream.dbmedia.se/gk96	0	Other
P4 Västerbotten	https://live1.sr.se/p4vbtn-mp3-96	0	Other
Bandit Classic Rock	https://wr11-ice.stream.khz.se/wr11_mp3	0	Music
Sveriges Radio - P2	https://live1.sr.se/p2-aac-320	0	Other
Sveriges Radio - P4 Plus	https://live1.sr.se/p4plus-aac-320	0	Other
Country Rocks Radio	http://stream.dbmedia.se/crr96	0	Music
Svensk Folkmusik - AkkA radio	http://mediaserv38.live-streams.nl:8107/stream	0	Other
Ålands Radio	https://stream.alandsradio.ax/stream.ogg	0	Other
Retro FM Skåne	https://live-bauerse-fm.sharp-stream.com/retrofm_aacp?ua=WEB&aw_0_1st.playerid=SBS_RP_WEB&aw_0_1st.skey=1575715192&companionAds=true&listenerId=@@GUID@@	0	Other
Yle Vega Västnyland	https://icecast.live.yle.fi/radio/YleVegaVastnyland/icecast.audio	0	Other
Disco 54	https://wr15-ice.stream.khz.se/wr15_mp3	0	Other
RIX FM 106,7	https://fm01-ice.stream.khz.se/fm01_aac	0	Other
STAR FM 107,1	https://fm05-ice.stream.khz.se/fm05_aac	0	Other
P4 Kalmar	https://live1.sr.se/p4kalm-mp3-96	0	Other
SVT P1 192kps	https://live1.sr.se/p1-mp3-96	0	Other
YLE X3M	http://icecast.live.yle.fi/radio/YleX3M/icecast.audio	0	Other
STAR FM 107,1	https://fm05-ice.stream.khz.se/fm05_mp3	0	Other
P4 Västernorrland	https://live1.sr.se/p4vnrl-mp3-96	0	Other
SR P1	https://live1.sr.se/p1-aac-32	0	Other
Sveriges Radio - SR Sisuradio	https://live1.sr.se/finska-aac-320	0	Other
NRJ	http://live-bauerse-fm.sharp-stream.com/nrj_instreamtest_se_mp3	0	Other
Radio Nostalgi SE	https://live-bauerse-fm.sharp-stream.com/nostalgi_mp3	0	Other
Dansbandskanalen	https://fm09-ice.stream.khz.se/fm09_mp3	0	Other
Sveriges Radio - P4 Blekinge	https://live1.sr.se/p4blek-mp3-96	0	Other
Sveriges radio P2 flac	https://edge1.sr.se/p2-flac	0	Other
Sveriges Radio P2 flac	https://live1.sr.se/p2-flac	0	Other
Wolf FM	https://sstream.ueteknik.se/listen/wolffm/radio.mp3	0	Other
RIX FM Fresh	https://wr04-ice.stream.khz.se/wr04_mp3	0	Other
Guldkanalen (80-tal)	https://stream.dbmedia.se/gk80tal96	0	Other
Retro FM Sverige	https://stream.rcs.revma.com/25knctp5vepwv	0	Other
Bandit ÍRock	https://fm02-ice.stream.khz.se/fm02_mp3	0	Music
Vinylgodis	https://fwd.autopo.st/runedervall	0	Other
Soul Classics	https://wr08-ice.stream.khz.se/wr08_mp3	0	Other
Sveriges Radio - P4 Halland	https://sverigesradio.se/topsy/ljudfil/srse/8266576.mp3	0	Other
Lite FM 101.1	http://live.litefm.se:8000/stream_mp3	0	Other
Pop & Rock	http://62.101.46.15:8000/poporock	0	Music
Go Country	https://wr14-ice.stream.khz.se/wr14_mp3	0	Other
Sveriges Radio - P3 Din gata	https://live1.sr.se/dingata-aac-320	0	Other
Dagnys Jukebox	https://stream.dagnysjukebox.se/dagny	0	Other
P4 Västmanland	https://live1.sr.se/p4vstm-mp3-96	0	Other
Sauna Radio	https://stream.saunaradio.com/live	0	Other
BANANRADION	https://lyssna.bananradion.se/listen/bananradion/128aac	0	Other
Sveriges Radio P4 Malmöhus	https://live1.sr.se/p4malm-aac-32	0	Other
Guldkanalen Helsingborg	http://stream.dbmedia.se/gkhbg96	0	Other
Guldkanalen 60-tal	https://stream.dbmedia.se/gk60tal96	0	Other
Power Club	https://wr06-ice.stream.khz.se/wr06_mp3	0	Other
Radio 94,3	https://stream.radio943.se/stream	0	Other
Star 90's	http://wr12-ice.stream.khz.se/wr12_mp3	0	Other
SR P4 Jönköping	https://live1.sr.se/p4jkpg-aac-320	0	Other
Stockholm FM 101,1 Sweden	http://radiostreamone.mine.nu/18020	0	Other
Sveriges Radio - P2 Språk och musik	https://live1.sr.se/p2sm-aac-320	0	Other
Vinyl FM (SE)	https://live-bauerse-fm.sharp-stream.com/vinylfm_instream_se_aacp?direct=true&listenerid=undefined&aw_0_1st.bauer_listenerid=undefined&amsparams=playerid:SBS_RP_WEB;skey:1602162911;&aw_0_1st.playerid=SBS_RP_WEB&aw_0_1st.skey=1602162911&aw_0_1st.bauer_loggedin=false&awparams=loggedin:false;&aw_0_req.userConsent=false	0	Other
HITCITY	https://stream.hitcity.se/live.mp3	0	Other
Sveriges Radio P4 Halland	https://live1.sr.se/p4hall-aac-128	0	Other
Göteborgs Närradio 102.6 MHz	http://lyssna.fnf.nu:8080/gnf102.mp3	0	Other
Tjenamors Radio!	https://radio.tjenamors.se/listen/tjenamors_radio/radio.mp3	0	Other
Dunken FM	http://stream.nsp.se:8000/DFM_AAC_Hi	0	Other
Sveriges Radio P1	https://edge1.sr.se/p1-aac-320	0	Other
Stockholm FM 88,0 Sweden	http://radiostreamone.mine.nu/18000	0	Other
Sveriges Kristna Radio	https://s2.radio.co/sfbf5f5b85/listen	0	Other
DansBandsRadio.se	https://sc.dansbandsradio.se/dbr64.aac	0	Other
SR4- Sthlm	https://live1.sr.se/p4sth-aac-32	0	Other
REPLAY NEWS - Svenska	https://replaynewsse.ice.infomaniak.ch/replaynewsse-128.mp3	0	News
Sveriges Radio - P4 Sjuhärad	https://www.sverigesradio.se/topsy/direkt/srapi/206.mp3	0	Other
Dagnys Jukebox	https://stream.dagnysjukebox.se/dagny	0	Other
Höganäs Närradio	https://deb.patrikmalmgrenrask.se:10443/	0	Other
Pop Radio Stockholm	http://master.shoutcast.com:8000/popradio-stockholm	0	Music
Radio Sotenäs	http://sc1.radiosotenas.se/	0	Other
Himlen TV7	http://vod.tv7.fi:1935/tv7-se/mp4:tv7-se.stream_720p/playlist.m3u8	0	Other
Star 70's	http://wr10-ice.stream.khz.se/wr10_mp3	0	Other
Sveriges Radio - P6	https://live1.sr.se/p6-aac-320	0	Other
