Classic Vinyl HD	https://icecast.walmradio.com:8443/classic	0	Other
Radio Paradise Main Mix (EU) 320k AAC	http://stream-uk1.radioparadise.com/aac-320	0	Other
101 SMOOTH JAZZ	http://jking.cdnstream1.com/b22139_128mp3	0	Music
102.7 KIIS FM	https://stream.revma.ihrhls.com/zc185	0	Other
Adroit Jazz Underground	https://icecast.walmradio.com:8443/jazz	0	Music
WALM - Old Time Radio	https://icecast.walmradio.com:8443/otr	0	Other
CNN	https://tunein.cdnstream1.com/2868_96.mp3	0	Other
Christmas Vinyl HD	https://icecast.walmradio.com:8443/christmas	0	Other
Fox News Radio	https://live.amperwave.net/direct/foxnewsradio-foxnewsradioaac-imc?source=fnr.web	0	News
.977 80s	http://29318.live.streamtheworld.com:3690/977_80_SC	0	Other
WALM 2 HD	https://icecast.walmradio.com:8443/walm2	0	Other
NPR 24 Hour Program Stream	http://npr-ice.streamguys1.com/live.mp3	0	Other
SomaFM Groove Salad (128k MP3)	https://ice6.somafm.com/groovesalad-128-mp3	0	Other
WALM HD	https://icecast.walmradio.com:8443/walm	0	Other
181.FM - Old School HipHop/RnB	http://listen.181fm.com/181-oldschool_128k.mp3	0	Other
Ambient Sleeping Pill	http://radio.stereoscenic.com/asp-h	0	Other
The Big 80s Station	http://158.69.114.190:8065/;	0	Other
Z100 - New York's #1 Hit Music Station WHTZ	https://stream.revma.ihrhls.com/zc1469	0	Music
CLASSIC HITS RADIO 70 80 DiscoFunk ModernSoul Boogie	https://radiopanther.radiolebowski.com/play	0	Other
.977 Country	http://15113.live.streamtheworld.com:3690/977_COUNTRY_SC	0	Other
Your Classical - Relax	http://relax.stream.publicradio.org/relax.mp3	0	Music
Adroit Jazz Underground HD Opus	https://icecast.walmradio.com:8443/jazz_opus	0	Music
"	Hard Rock Radio FM"	http://67.249.184.45:8015/	0	Music
Classic Vinyl HD Opus	https://icecast.walmradio.com:8443/classic_opus	0	Other
MSNBC	https://tunein.cdnstream1.com/3511_96.mp3	0	Other
WALM 2 HD Opus	https://icecast.walmradio.com:8443/walm2_opus	0	Other
WALM - Old Time Radio Opus	https://icecast.walmradio.com:8443/otr_opus	0	Other
SomaFM Secret Agent (128k MP3)	https://ice5.somafm.com/secretagent-128-mp3	0	Other
Christmas Vinyl HD Opus	https://icecast.walmradio.com:8443/christmas_opus	0	Other
Lofi 24/7	http://usa9.fastcast4u.com/proxy/jamz?mp=/1	0	Other
Frisky	http://stream2.friskyradio.com/frisky_mp3_hi	0	Other
.977 Hitz	http://29308.live.streamtheworld.com/977_HITS_SC	0	Other
100 Hip Hop and RNB FM (Official)	https://streaming.shoutcast.com/100-hip-hop-and-rnb-fm	0	Other
Hot Tejano (Austin) - Online - www.hottejano.com - hottejano.com LLC - Austin, Texas	https://ithaca.cdnstream.com/1113_96	0	Other
America's Country	https://ais-sa2.cdnstream1.com/1976_128.mp3	0	Other
.977 The Mix	http://24293.live.streamtheworld.com:3690/977_MIX_SC	0	Other
Radio Paradise Rock Mix 320k AAC	http://stream.radioparadise.com/rock-320	0	Music
"		LOVE FM: All you need is Love"	https://mdstrm.com/audio/66a01759c5aa2b85d66b5933/live.m3u8	0	Other
KEXP	https://kexp.streamguys1.com/kexp160.aac?listenerid=f4bcb5c771d830fbdd4195088a946ea6&awparams=companionAds%3Atrue	0	Other
181.FM - The Beat (HipHop/R&B)	http://listen.181fm.com/181-beat_128k.mp3	0	Other
Bassdrive	http://stream.bassdrive.uk:8200/	0	Other
Hard Rock Heaven	http://hydra.cdnstream.com/1521_128	0	Music
96.7 KISS FM - KHFI-FM Austin	https://stream.revma.ihrhls.com/zc2173	0	Other
Big R Radio - 80s Metal FM	http://bigrradio.cdnstream1.com/5186_128	0	Other
NPR Newscast	http://pd.npr.org/anon.npr-mp3/npr/news/newscast.mp3	0	News
FUNKY RADIO - Only Funk Music (60's 70's)	https://funkyradio.streamingmedia.it/play.mp3	0	Music
Infowars	http://stream-mp3.infowars.com/	0	Other
SomaFM Indie Pop Rocks! (128k AAC)	https://ice2.somafm.com/indiepop-128-aac	0	Music
80s Drive	https://samcloud.spacial.com/api/listen?sid=111415&m=sc&rid=293634&t=ssl?&80sradio128mp3stereo44	0	Other
SomaFM SF Police Scanner	https://ice6.somafm.com/scanner-128-mp3	0	Other
美国之音	https://voa-ingest.akamaized.net/hls/live/2035206/151_124L/playlist.m3u8	0	Other
WAMU American University Radio	https://wamu.cdnstream1.com/wamu.mp3	0	Other
Jazz 24	https://knkx-live-a.edge.audiocdn.com/6285_256k	0	Music
SomaFM Underground 80s (128k MP3)	https://ice5.somafm.com/u80s-128-mp3	0	Other
Cleveland Browns Radio Network	https://cbfc.streamguys1.com/cbdaily.mp3	0	Other
Houston Public Media News 88.7	https://stream.houstonpublicmedia.org/news-aac	0	News
West Coast – G-Funk & Hip-Hop	https://r.bgp.rodeo/listen/west_coast/radio.mp3	0	Other
102.7 KIIS FM Los Angeles	http://stream.revma.ihrhls.com/zc185	0	Other
Outlaw – Country Music Radio	https://r.bgp.rodeo/listen/outlaw/radio.mp3	0	Music
SomaFM Space Station Soma (128k AAC)	https://ice5.somafm.com/spacestation-128-aac	0	Other
Nostalgie New York	http://c32.radioboss.fm:8139/stream	0	Other
Radio Paradise Mellow Mix 320k AAC	http://stream.radioparadise.com/mellow-320	0	Other
NBC News Radio	http://stream.revma.ihrhls.com/zc6043	0	News
Rockabilly-radio.net	http://lin3.ash.fast-serv.com:6026/stream_96	0	Music
VOA Chinese Radio	http://voa-ingest.akamaized.net/hls/live/2035206/151_124L/playlist.m3u8	0	Other
SomaFM Heavyweight Reggae (256k MP3)	https://ice5.somafm.com/reggae-256-mp3	0	Other
Ambient Modern	http://radio.stereoscenic.com/mod-h	0	Other
LOVE RADIO Only Love Songs 70s80s90s - www.love.radio	http://shoutcast3.streamingmedia.it:3162/	0	Other
Q104.3 New York's Classic Rock	https://stream.revma.ihrhls.com/zc1465	0	Music
 Hip Hop Workout Radio	https://stream.revma.ihrhls.com/zc7785	0	Other
101 SMOOTH JAZZ MELLOW MIX	http://streaming.live365.com/b48071_128mp3	0	Music
99.9 Kiss Country	https://stream.revma.ihrhls.com/zc1577	0	Other
Funk the Planet	https://streaming.live365.com/a01484	0	Other
 SmoothJazz.com 64k aac+	https://smoothjazz.cdnstream1.com/2585_64.aac	0	Music
181.FM - 90's Country	http://listen.181fm.com/181-90scountry_128k.mp3	0	Other
Chilltrax	http://server1.chilltrax.com:9000/	0	Other
美国中文电台-旧金山	http://radiokest.serverroom.us:6670/;?type=http&nocache=3295	0	Other
Soma FM Groove Salad 320K AAC HLS	https://hls.somafm.com/hls/groovesalad/320k/program.m3u8	0	Other
Jazz 88 Minneapolis KBEM	https://kbem-live.streamguys1.com/kbem_aac	0	Music
Nu Metal Radio	http://stream.revma.ihrhls.com/zc9483/hls.m3u8	0	Other
Z 92 (Miami) - 92.3 FM - WCMQ-FM - Spanish Broadcasting System - Miami, Florida	https://liveaudio.lamusica.com/MIA_WCMQ_icy	0	Other
"	KLVZ Legends 810AM/95.3 FM - Denver, CO"	https://ais-sa8.cdnstream1.com/p1w7r97sb0k/c2g93fu0iqz	0	Other
94.7 KUMU (128kbps)	https://pacificmedia.cdnstream1.com/2783_128.mp3	0	Other
All Underground Hip Hop Radio	http://stream.radiojar.com/c1912tk5rtzuv	0	Other
101.5 Kiss FM	https://stream.zeno.fm/q0si4olfobwvv	0	Other
Radio Paradise World/Etc Mix 320k AAC	https://stream.radioparadise.com/world-etc-320	0	Other
SMOOTH JAZZ 24/7	http://jking.cdnstream1.com/b75154_128mp3	0	Music
Cryosleep	http://streams.echoesofbluemars.org:8000/cryosleep	0	Other
HPR1: Traditional Classic Country	https://us2.maindigitalstream.com/ssl/7713	0	Other
SomaFM Left Coast 70s (320k MP3)	https://ice2.somafm.com/seventies-320-mp3	0	Other
Progressive Rock AZUSA	https://streaming.live365.com/a38225	0	Music
metal rock radio	https://kathy.torontocast.com:2800/;	0	Music
__1 oldies	https://80sexitos.stream.laut.fm/80sexitos	0	Other
The Ultimate Art Bell	http://stream.willstare.com:8450/	0	Other
Radio Motown	https://broadcast.miami/proxy/motown?mp=/stream/;	0	Other
NOAA Weather Radio - Dallas, Texas (KEC56)	https://wxradio.org/TX-Dallas-KEC56	0	Other
Old Time Radio USA 	https://ais-sa3.cdnstream1.com/2607_128.mp3	0	Other
