РадиусFM	https://stream2.datacenter.by/radiusfm_main	0	Other
Радио Свобода	https://rfe-ingest.akamaized.net/hls/live/2035254/axia04/playlist.m3u8	0	Other
Звезда	https://icecast-zvezda.mediacdn.ru/radio/zvezda/zvezda_128	0	Other
Радио дача	http://listen13.vdfm.ru:8000/dacha	0	Other
"Радио ""Маяк"""	https://icecast-vgtrk.cdnvideo.ru/mayakfm	0	Other
Радио Фантастики 	https://listen9.myradio24.com/55699	0	Other
Радио МИР	https://icecast-mirtv.cdnvideo.ru/radio_mir_256	0	Other
Gachi Station #2	https://stream.zeno.fm/p7ume1dmbd0uv	0	Other
HIT FM Русский Хит	https://radio3.dixi.md/listen/hit_fm_russkoe_hitovoe/hitfm_ruhit128.aac	0	Other
Авторадио	https://cast.mediaonline.net.ua/avtoradio	0	Other
Gachi Station #3	https://stream.zeno.fm/cucqe20mixktv	0	Other
НОВОЕ РАДИО	http://stream.newradio.ru/moscow.novoe.aacp	0	Other
Радио Sputnik (Россия) 256 кбит/с	https://icecast-rian.cdnvideo.ru/voicerushi	0	Other
Авторадио 107.7 FM	https://online2.gkvr.ru:8001/avtoradio_mzd_64.aac	0	Other
Говорит Москва	https://media.govoritmoskva.ru/radio/ru64.mp3	0	Other
Голос Корей	https://listen4.myradio24.com/60315	0	Other
 Invoice  радио	https://a6.radioheart.ru:9019/RH78566	0	Other
Радио Лента	https://media-edge2.hostin.live/radio-lenta.mp3	0	Other
Вести FM	https://icecast-vgtrk.cdnvideo.ru/vestifm	0	Other
Dance Wave!	https://dancewave.online/dance.flac.ogg	0	Other
92.0 Москва FM	http://icecast.vgtrk.cdnvideo.ru:8000/moscowfm128	0	Other
Прибой	http://77.232.167.247:1007/admin	0	Other
Говорит Москва - Govorit Moskva	https://media.govoritmoskva.ru/radio/rufm.mp3	0	Other
Радио Мир (Барнаул)	https://icecast-mirtv.cdnvideo.ru/radio_mir4_256	0	Other
Cassiopea Station (Наука)	http://stream.cassiopeia-station.ru:1240/stream	0	Other
фантези	http://fantasyradioru.no-ip.biz:8002/live	0	Other
ibiza	http://radiorecord.hostingradio.ru/ibiza96.aacp	0	Other
 диполь	https://icecast-sibinformburo.cdnvideo.ru/dipolfm	0	Other
EUROPA PLUS EKB URAL	https://online2.gkvr.ru:8001/europa_eka_64.aac	0	Other
За друзей	https://listen8.myradio24.com/8144	0	Other
SUPER RADIO remix	https://listen2.myradio24.com/serz	0	Other
X-RADIO	http://185.8.60.5:8000/;	0	Other
Play FM Луганск 105.5ФМ	https://radio.play-fm.ru:8001/playfm	0	Other
Время Джаза - Радио Monte Carlo	https://montecarlo.hostingradio.ru/montecarlo96.aacp	0	Other
Хомякс ФМ Луганск 102.3	https://radio.play-fm.ru:8001/homyak	0	Other
Хорошее радио	https://hr.amgradio.ru/Horoshee	0	Other
Радио Sova	https://evcast.mediacp.eu:1965/stream	0	Other
Радио Monte Carlo 102.1FM	https://montecarlo.hostingradio.ru/montecarlo128.mp3	0	Other
DFM Кемерово 101.8 FM	https://online2.gkvr.ru:8001/dfm_kem_64.aac	0	Other
Love Radio Москва 106.6 FM	http://microit.n340.com:9000/VgMv0WV17ZVx1uuo_12_love_28_reg_44	0	Other
Dfm	http://dfm-basshouse.hostingradio.ru/basshouse96.aacp	0	Other
Alex	https://myradio24.org/walcon	0	Other
Азбука веры - Знаменные песнопения	https://radio.azbyka.ru/znamennye-pesnopenija	0	Other
ретро фм 96.4 FM	https://online2.gkvr.ru:8001/retro_che_64.aac	0	Other
Record	https://radio-srv1.11one.ru/rec64k	0	Other
EUROPA PLUS 101.6FM	https://online2.gkvr.ru:8001/europa_che_64.aac	0	Other
Гоп фм	https://radiorecord.hostingradio.ru/gop96.aacp	0	Other
Макс FM	https://maksfm.hostingradio.ru/maksfm320.mp3	0	Other
Радио Сибирь	https://stream.radiosibir.ru:8093/HQ	0	Other
Мамонт	https://live-saha.cdnvideo.ru/saha2/mamont_live.smil/playlist.m3u8	0	Other
Радио Москвы 	https://icecast-vgtrk.cdnvideo.ru/moscowtalk128?v=1640610887877	0	Other
дэвидэон радио	http://ags.abinet.com:8800/dr.mp3	0	Other
Кавказ Радио Волна (Владикавказ, 90.8 FM)	http://radio.alania.net:8000/kvk	0	Other
Дорожное радио Кемерово	https://online2.gkvr.ru:8001/doroznoe_kem_64.aac	0	Other
Радио Мелодия Воронеж	http://icecast.mediaalliance.cdnvideo.ru/mediaalliance	0	Other
рекорд чилл	http://radiorecord.hostingradio.ru/chil96.aacp	0	Other
РусскаяВолна	https://rufm.amgradio.ru/rufm	0	Other
Radiomaya	https://myradio24.org/edwyonz	0	Other
silverrain	http://silverrain.hostingradio.ru/silver128.mp3	0	Other
европа плюс Магнитогорск 	http://radio.o2promo.ru:8000/radio	0	Other
Мои музыкальные острова	https://listen2.myradio24.com/nodar503	0	Other
радио дача Магнитогорск	http://radio.o2promo.ru:8030/radio	0	Other
Z Fm	https://node0.craftradio.ru:8000/193_CB039DF9	0	Other
Новое Радио Красноярск	http://online-1.gkvr.ru:8000/novoe_kra_64onair.aac	0	Other
Радио 53 Великий Новгород	http://84.242.241.66:8000/;stream.nsv	0	Other
Радио Мир Владикавказ 91.6 FM	http://icecast.mir24.tv:8000/Mir_Vladikavkaz	0	Other
ретро фм Кемерово	https://online2.gkvr.ru:8001/retro_kem_64.aac	0	Other
авторадио Кемерово 105,3FM	https://online2.gkvr.ru:8001/avtoradio_kem_64.aac	0	Other
Мега радио (Абакан )	http://radio.tvrts.ru:8000/kh.mp3	0	Other
Первое Сетевой	http://streamer.radiovseti.ru:8000/128	0	Other
Maximum Heavy Monday	https://s.fmplay.ru/3ce8899d	0	Other
Европа + Кемерово	https://online2.gkvr.ru:8001/europa_kem_64.aac	0	Other
КомпромиС ФМ	https://listen5.myradio24.com/kfm	0	Other
лав радио Магнитогорск	http://radio.o2promo.ru:4060/stream	0	Other
Пилот FM - dance	https://online.pilotfm.ru/pilot_dance	0	Other
ХИТ FM Пермь 	https://hitfm.hostingradio.ru/hitfm128.mp3?88b9f1	0	Other
рекорд Красноярск 	http://online-2.gkvr.ru:8000/record_kra_128.aac	0	Other
