安徽小说评书广播	https://lhttp.qtfm.cn/live/1951/64k.mp3	0	戏曲
怀旧音乐广播	https://live.ximalaya.com/radio-first-page-app/live/2629/64.m3u8	0	音乐
 FM100.8 包河之声	https://lhttp-hw.qtfm.cn/live/5022668/64k.mp3	0	综合
安徽音乐广播 高清	http://satellitepull.cnr.cn/live/wxahyygb/playlist.m3u8?wsSession=a919bd0baf31a1a6f3966f08-174830359776346&wsIPSercert=cd39a342afce39d82188ebae3a31d1b8	0	音乐
合肥故事广播	http://lhttp.qingting.fm/live/1961/64k.mp3	0	文艺
安徽交通广播	https://satellitepull.cnr.cn/live/wxahjtgb/playlist.m3u8	0	交通
安徽卫视伴音	https://piccpndali.v.myalicdn.com/audio/anhui_2.m3u8	0	其他
安徽交通广播	http://satellitepull.cnr.cn/live/wxahjtgb/playlist.m3u8	0	交通
安徽交通广播 高清	http://satellitepull.cnr.cn/live/wxahjtgb/playlist.m3u8?wsSession=d966c1f28016a758d88ba0c2-174830326162340&wsIPSercert=cd39a342afce39d82188ebae3a31d1b8	0	交通
合肥文艺广播	https://lhttp-hw.qtfm.cn/live/1975/64k.mp3	0	文艺
安徽戏曲广播	https://lhttp.qtfm.cn/live/1952/64k.mp3	0	戏曲
滁州旅游交通广播	https://live.ximalaya.com/radio-first-page-app/live/174/64.m3u8?transcode=ts	0	交通
芜湖音乐故事广播	https://lhttp.qtfm.cn/live/5028/64k.mp3	0	音乐
安徽音乐广播	https://lhttp.qtfm.cn/live/1947/64k.mp3	0	音乐
安徽戏曲广播 高清	http://satellitepull.cnr.cn/live/wxahxqgb/playlist.m3u8?wsSession=c650605f64c6488d38b66982-174830342984889&wsIPSercert=cd39a342afce39d82188ebae3a31d1b8	0	戏曲
滁州南谯之声 经典983电台	https://lhttp-hw.qtfm.cn/live/20211575/64k.mp3	0	综合
合肥交通信息广播	https://lhttp-hw.qtfm.cn/live/1960/64k.mp3	0	交通
合肥文旅广播	https://lhttp-hw.qtfm.cn/live/1961/64k.mp3	0	其他
亳州交通音乐广播	http://zbbf2.ahbztv.com/live/41c.m3u8	0	交通
芜湖交通经济广播	https://lhttp-hw.qtfm.cn/live/5027/64k.mp3	0	交通
安徽交通广播	https://lhttp.qtfm.cn/live/1949/64k.mp3	0	交通
安徽生活广播 高清	http://satellitepull.cnr.cn/live/wxahshgb/playlist.m3u8?wsSession=5047841c34cc76f1a161d1fe-174830227253764&wsIPSercert=cd39a342afce39d82188ebae3a31d1b8	0	生活
芜湖综合广播	https://lhttp-hw.qtfm.cn/live/5029/64k.mp3	0	综合
安徽老年广播 高清	http://satellitepull.cnr.cn/live/wxahxspsgb/playlist.m3u8?wsSession=c650605f64c6488d38b66982-174830349218686&wsIPSercert=cd39a342afce39d82188ebae3a31d1b8	0	其他
怀远人民广播电台 FM95.1	https://lhttp-hw.qtfm.cn/live/5021993/64k.mp3	0	其他
义安电台	https://lhttp.qingting.fm/live/5021979/64k.mp3	0	其他
安徽综合广播	https://lhttp.qtfm.cn/live/4919/64k.mp3	0	综合
阜阳经济广播	https://lhttp.qtfm.cn/live/5022571/64k.mp3	0	财经
黄山旅游广播	https://lhttp-hw.qtfm.cn/live/1969/64k.mp3	0	其他
黄山综合广播	https://lhttp-hw.qtfm.cn/live/1968/64k.mp3	0	综合
太和广播电视台 FM104.3	https://lhttp-hw.qtfm.cn/live/15318579/64k.mp3	0	其他
铜陵综合广播	http://lhttp.qingting.fm/live/21303/64k.mp3	0	综合
安徽经济广播	https://lhttp.qtfm.cn/live/4916/64k.mp3	0	财经
淮北交通广播	https://lhttp-hw.qtfm.cn/live/20211647/64k.mp3	0	交通
濉溪综合广播	https://lhttp-hw.qtfm.cn/live/20500240/64k.mp3	0	综合
宿州文艺广播	https://lhttp-hw.qtfm.cn/live/5022400/64k.mp3	0	文艺
听·黄梅戏	https://rscdn.ajmide.com/r_3114/nglive_3114.m3u8	0	戏曲
颍上广播电视台FM96.2	https://lhttp-hw.qtfm.cn/live/20500039/64k.mp3	0	其他
安徽老年广播	http://ls.qingting.fm/live/1951.m3u8	0	其他
安徽农村广播	https://lhttp.qtfm.cn/live/1950/64k.mp3	0	其他
安庆综合广播	https://lhttp.qingting.fm/live/1965/64k.mp3	0	综合
繁昌新闻综合广播	https://nfcplay.wuhunews.cn/fc/zhgb.m3u8	0	新闻
安徽经济广播 高清	http://satellitepull.cnr.cn/live/wxahjjgb/playlist.m3u8?wsSession=c650605f64c6488d38b66982-174830209736930&wsIPSercert=cd39a342afce39d82188ebae3a31d1b8	0	财经
合肥综合广播	http://live.ximalaya.com/radio-first-page-app/live/148/64.m3u8	0	综合
宿州综合广播	https://lhttp-hw.qtfm.cn/live/5022399/64k.mp3	0	综合
铜陵交通生活广播	https://lhttp-hw.qtfm.cn/live/21305/64k.mp3	0	交通
安庆农村广播	https://lhttp.qingting.fm/live/1966/64k.mp3	0	其他
蚌埠交通文艺广播 FM98.4	https://lhttp-hw.qtfm.cn/live/4577/64k.mp3	0	交通
蚌埠综合广播 FM107.9 AM765	https://lhttp-hw.qtfm.cn/live/20154/64k.mp3	0	综合
亳州综合广播	http://zbbf2.ahbztv.com/live/41a.m3u8	0	综合
阜阳综合广播	https://lhttp.qtfm.cn/live/1970/64k.mp3	0	综合
广德综合广播 FM89.3	https://live.gdtv.ah.cn/live/FM893.m3u8	0	综合
泾县新闻综合广播	https://apisave.jxnn.cn/hls/jxfm/playlist.m3u8	0	新闻
天长综合频率	https://lhttp-hw.qtfm.cn/live/4854/64k.mp3	0	综合
安徽旅游广播	https://lhttp.qtfm.cn/live/15318219/64k.mp3	0	其他
安徽农村广播 高清	http://satellitepull.cnr.cn/live/wxahncgb/playlist.m3u8?wsSession=c650605f64c6488d38b66982-174830334758393&wsIPSercert=cd39a342afce39d82188ebae3a31d1b8	0	其他
安徽生活广播	http://lhttp.qingting.fm/live/1948/64k.mp3	0	生活
蚌埠交通文艺广播	http://live.ximalaya.com/radio-first-page-app/live/151/64.m3u8	0	交通
池州综合广播	https://lhttp.qingting.fm/live/5022373/64k.mp3	0	综合
滁州综合广播	https://live.ximalaya.com/radio-first-page-app/live/154/64.m3u8?transcode=ts	0	综合
固镇人民广播电台	https://lhttp-hw.qtfm.cn/live/20500125/64k.mp3	0	其他
界首之声	https://lhttp.qtfm.cn/live/20207785/64k.mp3	0	综合
马鞍山生活故事广播	https://rscdn.ajmide.com/r_139/nglive_139.m3u8	0	生活
马鞍山综合广播	https://rscdn.ajmide.com/r_138/nglive_138.m3u8	0	综合
宣城综合广播	https://lhttp.qingting.fm/live/5022/64k.mp3	0	综合
马鞍山交通音乐广播	https://rscdn.ajmide.com/r_2212/nglive_2212.m3u8	0	交通
安徽旅游广播 高清	http://satellitepull.cnr.cn/live/wxahlygb/playlist.m3u8?wsSession=d966c1f28016a758d88ba0c2-174830268515298&wsIPSercert=cd39a342afce39d82188ebae3a31d1b8	0	其他
安徽综合广播 高清	http://satellitepull.cnr.cn/live/wxahxxgb/playlist.m3u8?wsSession=a919bd0baf31a1a6f3966f08-174830198864311&wsIPSercert=cd39a342afce39d82188ebae3a31d1b8	0	综合
阜阳交通广播	https://lhttp.qtfm.cn/live/1971/64k.mp3	0	交通
宿州交通广播	https://rscdn.ajmide.com/r_2525/nglive_2525.m3u8	0	交通
蚌埠综合广播	http://live.ximalaya.com/radio-first-page-app/live/2680/64.m3u8	0	综合
合肥文旅广播	https://rscdn.ajmide.com/r_175/nglive_175.m3u8	0	其他
