陕西交通广播	https://lhttp.qtfm.cn/live/1601/64k.mp3	0	交通
陕西音乐广播	https://lhttp.qtfm.cn/live/4873/64k.mp3	0	音乐
陕西青少广播好听1055（经典流行金曲）	https://lhttp.qtfm.cn/live/4885/64k.mp3	0	音乐
陕西经济广播·唐诗电台	https://lhttp-hw.qtfm.cn/live/1603/64k.mp3	0	财经
陕西新闻广播	https://lhttp.qtfm.cn/live/1600/64k.mp3	0	新闻
陕西卫视伴音	https://piccpndali.v.myalicdn.com/audio/shan3xi_2.m3u8	0	其他
陕西农村广播	https://lhttp.qtfm.cn/live/1602/64k.mp3	0	其他
咸阳音乐广播	https://hplayer1.juyun.tv/camera/63973146.m3u8	0	音乐
延安综合广播	https://srs.yanews.cn/audio/FM107-7/index.m3u8	0	综合
宝鸡交通旅游广播	https://lhttp-hw.qtfm.cn/live/15318128/64k.mp3	0	交通
陕西青少广播	http://live.ximalaya.com/radio-first-page-app/live/870/64.m3u8	0	其他
榆林交通文艺广播	https://hplayer1.juyun.tv/camera/115978148.m3u8	0	交通
咸阳综合广播	http://hplayer1.juyun.tv/tv/29379189.m3u8	0	综合
咸阳综合广播	https://lhttp.qingting.fm/live/5022397/64k.mp3	0	综合
宝鸡综合广播	https://lhttp-hw.qtfm.cn/live/15318125/64k.mp3	0	综合
榆林综合广播	https://hplayer1.juyun.tv/camera/115987102.m3u8	0	综合
安康交通旅游音乐广播	https://lhttp-hw.qtfm.cn/live/5021862/64k.mp3	0	交通
渭南综合广播	https://lhttp.qingting.fm/live/5022388/64k.mp3	0	综合
榆林生活资讯广播	https://hplayer1.juyun.tv/camera/115986128.m3u8	0	新闻
彬州市人民广播电台 mp3	https://lhttp-hw.qtfm.cn/live/20500035/64k.mp3	0	其他
韩城综合广播	https://lhttp-hw.qtfm.cn/live/15318413/64k.mp3	0	综合
安康综合广播	http://lhttp.qingting.fm/live/5021861/64k.mp3	0	综合
西安音乐广播	https://lhttp-hw.qtfm.cn/live/1612/64k.mp3	0	音乐
延安交通音乐广播	https://srs.yanews.cn/audio/FM98-7/index.m3u8	0	交通
安康交通广播	http://lhttp.qingting.fm/live/5021862/64k.mp3	0	交通
西安交通旅游广播	https://lhttp-hw.qtfm.cn/live/1611/64k.mp3	0	交通
彬州市人民广播电台	https://live.ximalaya.com/radio-first-page-app/live/2675/64.m3u8?transcode=ts	0	其他
