VOK 库尔勒梨城之声 FM105.3	https://lhttp-hw.qtfm.cn/live/20212425/64k.mp3	0	综合
乌鲁木齐维语广播	https://lhttp.qtfm.cn/live/1923/64k.mp3	0	其他
兵团之声	https://live.ximalaya.com/radio-first-page-app/live/1838/64.m3u8?transcode=ts	0	综合
兵团之声	https://lhttp.qtfm.cn/live/5022410/64k.mp3	0	综合
新疆交通广播	https://live.ximalaya.com/radio-first-page-app/live/987/64.m3u8?transcode=ts	0	交通
新疆维语文艺广播	https://lhttp.qtfm.cn/live/20639/64k.mp3	0	文艺
伊犁维语广播	http://lhttp.qingting.fm/live/5022688/64k.mp3	0	其他
动感调频FM94.3 沙湾人民广播电台综合广播	https://lhttp-hw.qtfm.cn/live/20500064/64k.mp3	0	综合
新疆卫视伴音	https://piccpndali.v.myalicdn.com/audio/xinjiang_2.m3u8	0	其他
兵团八师石河子新闻综合广播	https://lhttp-hw.qtfm.cn/live/20500118/64k.mp3	0	新闻
兵团四师可克达拉综合广播	https://lhttp-hw.qtfm.cn/live/20500054/64k.mp3	0	综合
喀什综合广播	https://live.ximalaya.com/radio-first-page-app/live/2773/64.m3u8?transcode=ts	0	综合
兵团七师胡杨河新闻综合广播	https://lhttp-hw.qtfm.cn/live/20500095/64k.mp3	0	新闻
Urumtsi Uyghur Radio	http://ls.qingting.fm/live/1923.m3u8	0	其他
第一师阿拉尔人民广播电台新闻综合广播	https://lhttp-hw.qtfm.cn/live/20500209/64k.mp3	0	新闻
伊犁综合广播	http://lhttp.qingting.fm/live/20211711/64k.mp3	0	综合
吉木萨尔综合广播	http://218.31.201.189:9000/api/material/local/mnt/yinping1/prog_index.m3u8	0	综合
新疆文化旅游广播	https://lhttp.qtfm.cn/live/1909/64k.mp3	0	文艺
阿克苏汉语综合广播城市之声 活力940	https://lhttp-hw.qtfm.cn/live/15318550/64k.mp3	0	综合
新疆哈语广播	https://lhttp.qtfm.cn/live/1908/64k.mp3	0	其他
兵团二师铁门关综合广播	https://lhttp-hw.qtfm.cn/live/20211703/64k.mp3	0	综合
乌鲁木齐旅游音乐广播	https://lhttp.qtfm.cn/live/1920/64k.mp3	0	音乐
新疆维语交通文艺广播	https://live.ximalaya.com/radio-first-page-app/live/1834/64.m3u8?transcode=ts	0	交通
轮台之声	https://lhttp-hw.qtfm.cn/live/20500099/64k.mp3	0	综合
新疆蒙语广播	https://lhttp.qtfm.cn/live/1903/64k.mp3	0	其他
新疆音乐广播	https://live.ximalaya.com/radio-first-page-app/live/1364/64.m3u8?transcode=ts	0	音乐
昌吉综合广播	https://lhttp.qtfm.cn/live/20440/64k.mp3	0	综合
呼图壁县5G智慧电台	https://lhttp.qtfm.cn/live/20500188/64k.mp3	0	其他
乌鲁木齐交通广播	https://lhttp.qtfm.cn/live/1919/64k.mp3	0	交通
新疆哈语广播	https://live.ximalaya.com/radio-first-page-app/live/1836/64.m3u8?transcode=ts	0	其他
伊犁文艺交通广播	https://lhttp.qtfm.cn/live/5022689/64k.mp3	0	交通
阿克苏市融媒体中心综合广播	https://lhttp-hw.qtfm.cn/live/20500041/64k.mp3	0	综合
塔城汉语综合广播	https://lhttp.qtfm.cn/live/20500031/64k.mp3	0	综合
托峰明珠交通音乐·温宿人民广播电台	https://lhttp.qingting.fm/live/20207780/64k.mp3	0	交通
乌鲁木齐新闻广播	https://lhttp.qingting.fm/live/1918/64k.mp3	0	新闻
新疆蒙语广播	https://live.ximalaya.com/radio-first-page-app/live/1835/64.m3u8?transcode=ts	0	其他
克拉玛依汉语综合广播 FM92.6 AM1179	https://live-news.kelamayi.com.cn/hls/k926/index.m3u8	0	综合
新疆维语综合广播	http://ocj2.kksmg.com/ocj1/ocj1.m3u8	0	综合
伊犁哈语广播	https://lhttp.qingting.fm/live/5022692/64k.mp3	0	其他
察布查尔人民广播电台	https://lhttp.qingting.fm/live/5022610/64k.mp3	0	其他
五师人民广播电台双河之声	https://lhttp.qtfm.cn/live/20207772/64k.mp3	0	综合
阿克苏维语综合广播	https://lhttp-hw.qtfm.cn/live/15318551/64k.mp3	0	综合
巴音郭楞交通广播	https://lhttp.qingting.fm/live/5022104/64k.mp3	0	交通
克拉玛依维吾尔语综合广播 FM90.7 AM882	https://live-news.kelamayi.com.cn/hls/k907/index.m3u8	0	综合
克拉玛依音乐广播 FM97.1	https://live-news.kelamayi.com.cn/hls/k971/index.m3u8	0	音乐
新疆柯尔克孜语广播	http://satellitepull.cnr.cn/live/wxxjkygb/playlist.m3u8?wsSession=e155c0d7812904556cc22af2-174709889276127&wsIPSercert=29f90b67755e3a4646651f7aa8eb5fd6	0	其他
新疆文化旅游广播	https://live.ximalaya.com/radio-first-page-app/live/988/64.m3u8?transcode=ts	0	文艺
玛纳斯综合广播	http://218.84.127.245:1027/hls/main0/playlist.m3u8	0	综合
新疆广播电视台维语综合广播	http://live.ximalaya.com/radio-first-page-app/live/997/64.m3u8	0	综合
新疆交通广播	https://lhttp.qtfm.cn/live/1910/64k.mp3	0	交通
第三师图木舒克市人民广播电台	https://lhttp.qtfm.cn/live/20500135/64k.mp3	0	其他
奎屯综合广播	http://218.84.12.186:8000/hls/main/playlist.m3u8	0	综合
塔城市综合广播	https://lhttp.qtfm.cn/live/20500145/64k.mp3	0	综合
新疆柯语广播	https://live.ximalaya.com/radio-first-page-app/live/1692/64.m3u8?transcode=ts	0	其他
巴音郭楞汉语综合广播	https://lhttp-hw.qtfm.cn/live/5022108/64k.mp3?	0	综合
奎屯综合广播	https://lhttp.qtfm.cn/live/20500121/64k.mp3	0	综合
