国际新闻	https://lhttp.qtfm.cn/live/20500172/64k.mp3	0	新闻
新闻联播	https://rfienchinois64k.ice.infomaniak.ch//rfienchinois-64.mp3	0	新闻
CCTV-13 新闻（伴音）	https://piccpndali.v.myalicdn.com/audio/cctv13_2.m3u8	0	新闻
REPLAY NEWS - 中文 每5分钟播报一次新闻的电台	https://replaynewszh.ice.infomaniak.ch/replaynewszh-128.mp3	0	新闻
环球资讯	http://sk.cri.cn/905.m3u8	0	新闻
上海新闻广播	http://lhttp.qingting.fm/live/270/64k.mp3	0	新闻
北京新闻广播	https://lhttp.qtfm.cn/live/339/64k.mp3	0	新闻
江苏新闻广播	http://lzlive.vojs.cn/5Fo8mMX/92/live.m3u8?	0	新闻
深圳新闻广播	http://lhttp.qingting.fm/live/1270/64k.mp3	0	新闻
北京BTV新闻伴音	https://wstvcpudali.v.myalicdn.com/wstvcpud/udrmbtv9_1/index.m3u8?adapt=0&BR=audio	0	新闻
上海新闻广播 FM93.4 AM990	https://lhttp-hw.qtfm.cn/live/270/64k.mp3	0	新闻
河北新闻广播	https://radio.pull.hebtv.com/live/hebxw.m3u8	0	新闻
吉林新闻综合广播	https://live-jlr.jlntv.cn//live/am738.m3u8	0	新闻
上海东广新闻资讯广播	http://lhttp.qingting.fm/live/275/64k.mp3	0	新闻
南京新闻综合广播	http://hls.njgb.com/live_hls/1/playlist.m3u8	0	新闻
BRTV北京新闻广播	https://brtv-radiolive.rbc.cn/alive/fm945.m3u8	0	新闻
四川新闻广播	https://lhttp.qtfm.cn/live/4906/64k.mp3	0	新闻
每日经济新闻AI电视	http://swiftplay.hxkjmedia.com/tv/yytestW.m3u8	0	新闻
广州新闻资讯广播台	http://lhttp.qingting.fm/live/4848/64k.mp3	0	新闻
延边朝鲜语新闻综合广播	https://lhttp-hw.qtfm.cn/live/20324/64k.mp3	0	新闻
每日经济新闻AI电视	https://swiftplay.hxkjmedia.com/tv/spbW.m3u8	0	新闻
内蒙古新闻综合广播	https://lhttp-hw.qtfm.cn/live/1883/64k.mp3	0	新闻
郑州人民广播电台 新闻广播	http://lhttp.qingting.fm/live/1220/64k.mp3	0	新闻
杭州城市资讯广播 FM90.7杭州潮流音乐电台	https://lhttp-hw.qtfm.cn/live/15318146/64k.mp3	0	新闻
福州新闻广播	http://lhttp.qingting.fm/live/5025/64k.mp3	0	新闻
有线新闻台	http://cm61-10-2-143.hkcable.com.hk/live_freedirect/freehd209_h.live/playlist.m3u8	0	新闻
苏州新闻广播	http://lhttp.qingting.fm/live/2808/64k.mp3	0	新闻
有线直播新闻台	http://cm61-10-2-143.hkcable.com.hk/live_freedirect/hd110_h.live/playlist.m3u8	0	新闻
青岛新闻广播	http://lhttp.qingting.fm/live/1673/64k.mp3	0	新闻
陕西新闻广播	https://lhttp.qtfm.cn/live/1600/64k.mp3	0	新闻
保定新闻频道	https://lhttp.qtfm.cn/live/5022440/64k.mp3	0	新闻
济南新闻综合广播	https://lhttp.qtfm.cn/live/1667/64k.mp3	0	新闻
新疆汉语新闻广播	http://satellitepull.cnr.cn/live/wxxjxwgb/playlist.m3u8?wsSession=c650605f64c6488d38b66982-174717961694872&wsIPSercert=29f90b67755e3a4646651f7aa8eb5fd6	0	新闻
广东新闻广播	https://lhttp.qtfm.cn/live/1254/64k.mp3	0	新闻
江苏新闻综合广播	http://lzlive.vojs.cn/rTyLc36/92/live.m3u8	0	新闻
武汉新闻广播	http://lhttp.qingting.fm/live/20198/64k.mp3	0	新闻
义乌新闻	https://lhttp.qtfm.cn/live/20537/64k.mp3	0	新闻
北海广播电视台新闻综合广播	https://lhttp.qtfm.cn/live/20861/64k.mp3	0	新闻
有线财经资讯台	http://cm61-10-2-143.hkcable.com.hk/live_freedirect/freehd208_h.live/playlist.m3u8	0	新闻
成都新闻广播	https://lhttp-hw.qtfm.cn/live/4897/64k.mp3	0	新闻
哈尔滨电视台 新闻综合频道	http://stream.hrbtv.net/xwzh/playlist.m3u8	0	新闻
兵团八师石河子新闻综合广播	https://lhttp-hw.qtfm.cn/live/20500118/64k.mp3	0	新闻
铁岭电视台新闻综合频道	https://live-play-tlrb.newaircloud.com/tlrb/3dc36395-a7a3-4855-9bd6-8d223cf9ac30.m3u8	0	新闻
兵团七师胡杨河新闻综合广播	https://lhttp-hw.qtfm.cn/live/20500095/64k.mp3	0	新闻
黑龙江新闻广播	https://lhttp.qtfm.cn/live/4974/64k.mp3	0	新闻
延边朝鲜语新闻综合广播 뉴스종합방송	https://srs.iybtv.cn/audio/AM1206/index.m3u8	0	新闻
云南新闻广播	https://gbw.ynradio.cn/radio/xwgb.stream/playlist.m3u8	0	新闻
郑州新闻综合广播	https://lhttp.qtfm.cn/live/1220/64k.mp3	0	新闻
第一师阿拉尔人民广播电台新闻综合广播	https://lhttp-hw.qtfm.cn/live/20500209/64k.mp3	0	新闻
扬州新闻广播	https://lhttp.qingting.fm/live/5000/64k.mp3	0	新闻
宜春新闻综合广播 FM101.1	https://liveds-yc.newsyc.com/fmmf/sd/live.m3u8	0	新闻
FM103.3 AM882 大连新闻综合广播	https://live.xmcdn.com/live/2732/64.m3u8	0	新闻
潍坊新闻广播·88.1音乐之声	https://lhttp.qtfm.cn/live/15318631/64k.mp3	0	新闻
云南新闻广播	https://lhttp.qtfm.cn/live/1926/64k.mp3	0	新闻
长春新闻综合广播	http://lhttp.qingting.fm/live/5013/64k.mp3	0	新闻
哈尔滨电视台 都市资讯频道	http://stream.hrbtv.net/zxpd/playlist.m3u8	0	新闻
福建新闻综合广播	https://lhttp.qtfm.cn/live/1731/64k.mp3	0	新闻
广东新闻台	https://satellitepull.cnr.cn/live/wxgdxwgb/playlist.m3u8	0	新闻
海南新闻广播	http://lhttp.qingting.fm/live/1861/64k.mp3	0	新闻
青岛新闻综合广播	http://video10.qtv.com.cn/zhiboxwgb/manifest.m3u8	0	新闻
湘潭新闻综合广播 私家车音乐广播FM88.2	https://lhttp.qingting.fm/live/15318549/64k.mp3	0	新闻
浙江民生资讯广播	http://ali-m-l.cztv.com/channels/lantian/fm996/128k.m3u8	0	新闻
浙江新闻广播	http://ali-m-l.cztv.com/channels/lantian/fm988/128k.m3u8	0	新闻
浙江新闻频道	http://ali-vl.cztv.com/channels/lantian/channel007/360p.m3u8	0	新闻
嘉兴新闻广播	http://lhttp.qingting.fm/live/1154/64k.mp3	0	新闻
辽宁资讯广播	https://lhttp.qtfm.cn/live/5022018/64k.mp3	0	新闻
南部新闻综合·南部人民广播电台	https://lhttp.qingting.fm/live/20525/64k.mp3	0	新闻
泉州新闻综合广播	https://lhttp.qingting.fm/live/15318346/64k.mp3	0	新闻
西安新闻广播	https://lhttp.qtfm.cn/live/1610/64k.mp3	0	新闻
FM998 舟山新闻综合广播	https://lhttp.qingting.fm/live/1160/64k.mp3	0	新闻
徐州新闻综合广播	https://lhttp.qingting.fm/live/4922/64k.mp3	0	新闻
大同新闻综合广播	http://lhttp.qingting.fm/live/20211690/64k.mp3	0	新闻
玉山新闻综合广播	https://play-a2.quklive.com/live/1744269984309138.m3u8	0	新闻
阜宁县融媒体中心 新闻综合广播	https://lhttp-hw.qtfm.cn/live/20207753/64k.mp3	0	新闻
江西综合新闻广播	https://lhttp.qtfm.cn/live/1809/64k.mp3	0	新闻
吉林资讯广播	https://live-jlr.jlntv.cn/live/fm1001.m3u8	0	新闻
沈阳新闻广播	http://lhttp.qingting.fm/live/20024/64k.mp3	0	新闻
乌鲁木齐新闻广播	https://lhttp.qingting.fm/live/1918/64k.mp3	0	新闻
无锡新闻综合广播FM93.7	https://lhttp.qtfm.cn/live/2777/64k.mp3	0	新闻
新疆汉语新闻广播	https://lhttp-hw.qtfm.cn/live/1902/64k.mp3	0	新闻
白银新闻综合广播	https://play.kankanlive.com/live/1720516773210367.m3u8	0	新闻
繁昌新闻综合广播	https://nfcplay.wuhunews.cn/fc/zhgb.m3u8	0	新闻
广西综合广播 新闻910	https://lhttp-hw.qtfm.cn/live/1753/64k.mp3	0	新闻
海城新闻综合广播（喜马拉雅线路）	https://live.xmcdn.com/live/357/64.m3u8	0	新闻
邯郸新闻综合广播	https://lhttp.qtfm.cn/live/5072/64k.mp3	0	新闻
锦州新闻广播	https://srs.beijihainews.com.cn/video/FM927/index.m3u8	0	新闻
宁夏新闻广播	https://stream.zeno.fm/rxx6d9fbvv8uv	0	新闻
松原新闻综合广播	https://lhttp-hw.qtfm.cn/live/5079/64k.mp3	0	新闻
潍坊新闻广播	https://lhttp.qtfm.cn/live/20320/64k.mp3	0	新闻
西宁新闻综合广播 FM95.6	http://lhttp.qtfm.cn/live/5022282/64k.mp3	0	新闻
昭通乌蒙之声新闻综合广播	https://lhttp-hw.qtfm.cn/live/21249/64k.mp3	0	新闻
海门新闻综合广播	https://lhttp-hw.qtfm.cn/live/5022640/64k.mp3	0	新闻
黄冈新闻综合广播	https://lhttp-hw.qtfm.cn/live/1301/64k.mp3	0	新闻
焦作新闻综合广播	https://lhttp-hw.qtfm.cn/live/5022557/64k.mp3	0	新闻
美以袭击伊朗最新资讯	https://rscdn.ajmide.com/r_3848/nglive_3848.m3u8	0	新闻
邢台新闻广播	http://lhttp.qingting.fm/live/20211628/64k.mp3	0	新闻
榆林生活资讯广播	https://hplayer1.juyun.tv/camera/115986128.m3u8	0	新闻
镇雄新闻综合广播	https://lhttp-hw.qtfm.cn/live/20210752/64k.mp3	0	新闻
德兴新闻综合广播 FM98.0	http://218.64.164.152:5021/live_hls/1/playlist.m3u8	0	新闻
抚州新闻综合广播	https://lhttp-hw.qtfm.cn/live/20500226/64k.mp3	0	新闻
泾县新闻综合广播	https://apisave.jxnn.cn/hls/jxfm/playlist.m3u8	0	新闻
宁海新闻综合广播 FM98.9	https://lhttp-hw.qtfm.cn/live/5022406/64k.mp3	0	新闻
巧家新闻综合广播 白鹤之声	https://lhttp-hw.qtfm.cn/live/20211704/64k.mp3	0	新闻
青海新闻综合广播 青海之声	http://satellitepull.cnr.cn/live/wx32qhwxzhgb/playlist.m3u8?wsSession=1c983a4091d3a5f8a963629b-174700972161410&wsIPSercert=5bb043949891952939522be8c9bd5410	0	新闻
渠县新闻综合广播	http://183.222.248.153:81/hls/nu6vbbdw.m3u8	0	新闻
任丘新闻综合广播	http://jwcdnqx.hebyun.com.cn/live/rqgb/1500k/tzwj_video.m3u8	0	新闻
武威新闻综合广播 FM89.9	https://play.kankanlive.com/live/1664439917433940.m3u8	0	新闻
无锡新闻综合广播AM1161	https://lhttp.qtfm.cn/live/2776/64k.mp3	0	新闻
宜昌新闻综合广播	https://lhttp.qingting.fm/live/20565/64k.mp3	0	新闻
张掖新闻综合广播	http://lhttp.qingting.fm/live/5022096/64k.mp3	0	新闻
常州新闻综合广播	https://lhttp.qtfm.cn/live/2798/64k.mp3	0	新闻
福州新闻广播	http://live.zohi.tv/audio/s10001-FM944/index.m3u8	0	新闻
邯郸新闻综合广播	https://lhttp.qingting.fm/live/5072/64k.mp3	0	新闻
邯郸新闻综合广播	http://ls.qingting.fm/live/5072.m3u8	0	新闻
菏泽新闻广播	http://live.hznet.tv:1935/live/live875/32k/tzwj_video.m3u8	0	新闻
江西广播电视台新闻广播	http://lhttp.qingting.fm/live/1809/64k.mp3	0	新闻
庆阳新闻综合广播	https://play.kankanlive.com/live/1712564707088949.m3u8	0	新闻
衢州新闻广播	http://lhttp.qingting.fm/live/20444/64k.mp3	0	新闻
台海新闻	https://rscdn.ajmide.com/r_3133/nglive_3133.m3u8	0	新闻
西宁新闻综合广播	http://lhttp.qingting.fm/live/5022282/64k.mp3	0	新闻
徐州新闻综合广播	http://stream3.huaihai.tv/aac_gbfm93/playlist.m3u8	0	新闻
延边汉语新闻综合广播	https://lhttp-hw.qtfm.cn/live/5022488/64k.mp3	0	新闻
玉溪新闻综合广播	https://hwapi.yntv.net/r5fc3f/wr84m9.m3u8	0	新闻
安阳综合新闻广播	https://lhttp-hw.qtfm.cn/live/15318224/64k.mp3	0	新闻
大连新闻综合广播	https://lhttp-hw.qtfm.cn/live/1089/64k.mp3	0	新闻
海城新闻综合广播	http://lhttp.qingting.fm/live/15318107/64k.mp3	0	新闻
江西综合新闻广播	http://live.ximalaya.com/radio-first-page-app/live/606/64.m3u8?transcode=ts	0	新闻
宁夏新闻广播	http://satellitepull.cnr.cn/live/wxnxxwgb/playlist.m3u8?wsSession=d8b4488aebb72eb396f72a83-174701144043039&wsIPSercert=5bb043949891952939522be8c9bd5410	0	新闻
青海新闻综合广播	https://lhttp-hw.qtfm.cn/live/20063/64k.mp3	0	新闻
沈阳新闻综合广播	https://rscdn.ajmide.com/r_1288/nglive_1288.m3u8	0	新闻
榆林生活资讯	https://cb31e2526da6f06f5ceb3048d5a98912.livehwc4.com/hplayer1.juyun.tv/camera/115986128.m3u8?sub_m3u8=true&edge_slice=true&user_session_id=5ca63976d6141ee4ed1886f51c99e944	0	新闻
甘肃新闻综合广播	https://rscdn.ajmide.com/r_1249/nglive_1249.m3u8	0	新闻
军事新闻	https://rscdn.ajmide.com/r_3124/nglive_3124.m3u8	0	新闻
社会新闻	https://rscdn.ajmide.com/r_3098/nglive_3098.m3u8	0	新闻
宜昌新闻综合广播	https://liveplay.ycrmt.cn/fm/xwt.m3u8	0	新闻
玉溪新闻综合广播	http://lhttp.qingting.fm/live/5022031/64k.mp3	0	新闻
辽宁资讯广播	https://rscdn.ajmide.com/r_1756/nglive_1756.m3u8	0	新闻
延边汉语新闻综合广播	https://srs.iyb983.cn/audio/FM983/index.m3u8	0	新闻
