重庆私家车广播	http://ls.qingting.fm/live/1502.m3u8	0	其他
重庆音乐广播	http://ls.qingting.fm/live/647.m3u8	0	音乐
重庆交通广播	http://ls.qingting.fm/live/1500.m3u8	0	交通
重庆之声	http://ls.qingting.fm/live/1498.m3u8	0	综合
重庆都市广播	https://lhttp.qtfm.cn/live/1502/64k.mp3	0	生活
北碚综合广播·重庆嘉陵之声FM88.7	https://lhttp-hw.qtfm.cn/live/20211692/64k.mp3	0	综合
巴南综合广播	https://lhttp.qtfm.cn/live/5022385/64k.mp3	0	综合
大足综合广播	https://lhttp-hw.qtfm.cn/live/20211676/64k.mp3	0	综合
梁平融媒体中心综合广播	https://lhttp-hw.qtfm.cn/live/20211646/64k.mp3	0	综合
永川之声100.7	https://lhttp.qtfm.cn/live/20210236/64k.mp3	0	综合
万盛融媒体中心综合广播	https://lhttp-hw.qtfm.cn/live/15318480/64k.mp3	0	综合
开州综合广播	http://183.64.174.171:10124/tlgb.m3u8	0	综合
南川融媒体中心综合广播	https://lhttp-hw.qtfm.cn/live/15318405/64k.mp3	0	综合
綦江综合广播	https://lhttp.qtfm.cn/live/20500201/64k.mp3	0	综合
江津融媒体中心综合广播	https://live.ximalaya.com/radio-first-page-app/live/2519/64.m3u8	0	综合
