黔东南州凯里广播电台	https://lhttp.qtfm.cn/live/5022045/64k.mp3	0	其他
毕节交通音乐广播	https://lhttp-hw.qtfm.cn/live/5022712/64k.mp3	0	交通
贵州故事广播	http://satellitepull.cnr.cn/live/wx32gzgsgb/playlist.m3u8?wsSession=d8b4488aebb72eb396f72a83-174701428079898&wsIPSercert=5bb043949891952939522be8c9bd5410	0	文艺
贵州经济广播	https://lhttp.qtfm.cn/live/20065/64k.mp3	0	财经
贵州卫视伴音	https://piccpndali.v.myalicdn.com/audio/guizhou_2.m3u8	0	其他
贵州音乐广播	https://lhttp.qtfm.cn/live/20067/64k.mp3	0	音乐
黔西南综合广播	https://lhttp-hw.qtfm.cn/live/5045/64k.mp3	0	综合
兴义市广播电视台	https://lhttp-hw.qtfm.cn/live/20500110/64k.mp3	0	其他
贵州综合广播	http://satellitepull.cnr.cn/live/wx32gzwxwzhgb/playlist.m3u8?wsSession=d8b4488aebb72eb396f72a83-174701403997765&wsIPSercert=5bb043949891952939522be8c9bd5410	0	综合
黔西南旅游广播	https://lhttp-hw.qtfm.cn/live/5046/64k.mp3	0	其他
安顺综合广播	http://lhttp.qingting.fm/live/5022203/64k.mp3	0	综合
黔东南交通广播	http://lhttp.qingting.fm/live/5022285/64k.mp3	0	交通
桐梓电台 综合广播	https://lhttp-hw.qtfm.cn/live/20212410/64k.mp3	0	综合
习水综合广播	https://lhttp-hw.qtfm.cn/live/15318201/64k.mp3	0	综合
贵阳综合广播	https://lhttp.qtfm.cn/live/1773/64k.mp3	0	综合
六盘水综合广播	https://lhttp.qingting.fm/live/20211616/64k.mp3	0	综合
七星关人民广播电台	https://lhttp.qingting.fm/live/5021866/64k.mp3	0	其他
遵义交通文艺广播	https://lhttp.qingting.fm/live/20741/64k.mp3	0	交通
兴仁广播	https://lhttp-hw.qtfm.cn/live/20500077/64k.mp3	0	其他
贵州交通广播	http://lhttp.qingting.fm/live/20057/64k.mp3	0	交通
威宁综合广播	https://lhttp-hw.qtfm.cn/live/5022342/64k.mp3	0	综合
Kweiyang News Radio	http://ls.qingting.fm/live/1773.m3u8	0	新闻
铜仁交通旅游广播	https://lhttp.qingting.fm/live/20211615/64k.mp3	0	交通
织金人民广播电台综合广播	https://lhttp.qingting.fm/live/20500037/64k.mp3	0	综合
