Tiktok网络电台-英语频道	https://stream.zeno.fm/advmk81bu68uv	0	其他
湖南卫视伴音	http://satellitepull.cnr.cn/live/wx32hunws/playlist.m3u8?wsSession=5047841c34cc76f1a161d1fe-174718229204467&wsIPSercert=29f90b67755e3a4646651f7aa8eb5fd6	0	其他
湖南音乐之声	http://a.live.hnradio.com/yypd/radio120k_yypd.m3u8?auth_key=1588751172-0-0-d97b858279c1c86650172b9913ea4af2	0	音乐
湖南音乐之声广播 芒果音乐台	https://lhttp-hw.qtfm.cn/live/4979/64k.mp3	0	音乐
湖南交通广播	http://a.live.hnradio.com/jtpd/radio120k_jtpd.m3u8?auth_key=1588751155-0-0-301d7e28868eff70a72edf5e4569b546	0	交通
FM104.7 澧县人民广播电台	https://lhttp-hw.qtfm.cn/live/15318178/64k.mp3	0	其他
长沙音乐广播	https://lhttp.qtfm.cn/live/20847/64k.mp3	0	音乐
长沙县综合广播	https://lhttp.qtfm.cn/live/4930/64k.mp3	0	综合
株洲交通广播	https://lhttp-hw.qtfm.cn/live/3971/64k.mp3	0	交通
长沙交通广播	http://lhttp.qingting.fm/live/3967/64k.mp3	0	交通
湖南金鹰之声	http://a.live.hnradio.com/jypd/radio120k_jypd.m3u8?auth_key=1588751199-0-0-e412c6c15ca2bf1ad6f0833c2bd73bb2	0	综合
娄底交通广播	https://lhttp.qingting.fm/live/20507/64k.mp3	0	交通
湘潭新闻综合广播 私家车音乐广播FM88.2	https://lhttp.qingting.fm/live/15318549/64k.mp3	0	新闻
长沙Big Radio 快乐886	http://lhttp.qingting.fm/live/20847/64k.mp3	0	其他
怀化交通文艺广播	https://lhttp-hw.qtfm.cn/live/5022070/64k.mp3	0	交通
望城综合广播 长沙925电台	https://lhttp-hw.qtfm.cn/live/5022076/64k.mp3	0	综合
常德综合广播	https://lhttp.qingting.fm/live/15318208/64k.mp3	0	综合
长沙市望城区人民广播电台	http://lhttp.qingting.fm/live/5022076/64k.mp3	0	其他
鼎城人民广播电台	https://lhttp.qingting.fm/live/5021860/64k.mp3	0	其他
湖南经济广播	http://a.live.hnradio.com/jjpd/radio120k_jjpd.m3u8?auth_key=1588751229-0-0-7c55dcf57fcd18b3e892c53cad357be4	0	财经
长沙城市之声	http://lhttp.qingting.fm/live/4237/64k.mp3	0	综合
郴州综合广播	https://lhttp.qingting.fm/live/20489/64k.mp3	0	综合
靖州综合广播	https://lhttp.qtfm.cn/live/20500011/64k.mp3	0	综合
龙山综合广播龙凤之声	https://liveplay-srs.voc.com.cn/hls/broadcast/146_80a15b.m3u8	0	综合
衡阳县综合广播 FM105.6汽车音乐电台	https://live.ximalaya.com/radio-first-page-app/live/1182/64.m3u8?transcode=ts	0	音乐
邵阳经济广播	http://lhttp.qingting.fm/live/20500058/64k.mp3	0	财经
湘潭交通广播	https://lhttp.qingting.fm/live/21269/64k.mp3	0	交通
益阳综合广播	https://lhttp.qingting.fm/live/20314/64k.mp3	0	综合
岳阳经济广播	https://lhttp-hw.qtfm.cn/live/5022391/64k.mp3	0	财经
常德交通广播	https://lhttp.qingting.fm/live/15318209/64k.mp3	0	交通
长沙品味音乐广播	http://lhttp.qingting.fm/live/4930/64k.mp3	0	音乐
湖南金鹰955|Hunan	https://rscdn.ajmide.com/r_1700/nglive_1700.m3u8	0	其他
桃江电台	https://lhttp.qtfm.cn/live/20500086/64k.mp3	0	其他
郴州交通广播	https://lhttp.qingting.fm/live/20867/64k.mp3	0	交通
衡阳交通经济广播	https://lhttp.qtfm.cn/live/15318385/64k.mp3	0	交通
湖南综合广播	http://a.live.hnradio.com/xwpd/radio120k_xwpd.m3u8?auth_key=1588751187-0-0-f1675340b0cec8720747b81d8dfc9e99	0	综合
吉首综合广播飞扬101	https://liveplay-srs.voc.com.cn/hls/broadcast/143_a544b7.m3u8	0	综合
益阳交通广播	https://lhttp-hw.qtfm.cn/live/15318153/64k.mp3	0	交通
宜章综合广播	https://lhttp.qtfm.cn/live/15318691/64k.mp3	0	综合
岳阳交通广播	http://lhttp.qingting.fm/live/20987/64k.mp3	0	交通
岳阳时尚广播EASY FM	http://lhttp.qingting.fm/live/5022391/64k.mp3	0	其他
衡阳综合广播	https://lhttp.qtfm.cn/live/15318386/64k.mp3	0	综合
怀化综合广播	https://lhttp-hw.qtfm.cn/live/5022069/64k.mp3	0	综合
湖南潇湘之声	http://a.live.hnradio.com/zxpd/radio120k_zxpd.m3u8?auth_key=1588751208-0-0-3440555a157a45fdcbdb7840504278c5	0	综合
邵阳综合广播	http://lhttp.qingting.fm/live/20148/64k.mp3	0	综合
娄底综合广播	https://lhttp.qtfm.cn/live/21213/64k.mp3	0	综合
沅江综合广播	https://liveplay-srs.voc.com.cn/hls/broadcast/163_a8d90e.m3u8	0	综合
岳阳综合广播	http://lhttp.qingting.fm/live/20989/64k.mp3	0	综合
岳阳县综合广播	https://lhttp-hw.qtfm.cn/live/20500129/64k.mp3	0	综合
