HKI	http://player4.juyun.tv/camera/158562106.m3u8	0	其他
江西卫视伴音	https://piccpndali.v.myalicdn.com/audio/jiangxi_2.m3u8	0	其他
江西旅游广播	https://fm-live-pull.jxtvcn.com.cn/live-jxrtv/fm974.m3u8	0	其他
九江年代音乐台	https://lhttp.qingting.fm/live/20212210/64k.mp3	0	音乐
江西故事广播	http://live.ximalaya.com/radio-first-page-app/live/613/64.m3u8	0	文艺
江西故事广播	https://lhttp.qtfm.cn/live/20500092/64k.mp3	0	文艺
高安电台 最爱942	https://lhttp-hw.qtfm.cn/live/20500014/64k.mp3	0	其他
德兴之声国际广播 DeXing International	http://player4.juyun.tv/camera/158562106.m3u8?	0	综合
宜春新闻综合广播 FM101.1	https://liveds-yc.newsyc.com/fmmf/sd/live.m3u8	0	新闻
Kiangsi Tourist Radio	http://lhttp.qingting.fm/live/20133/64k.mp3	0	其他
南昌交通音乐广播	https://lhttp.qtfm.cn/live/1804/64k.mp3	0	交通
宜春交通音乐广播 FM87.9	https://liveds-yc.newsyc.com/fmb/sd/live.m3u8	0	交通
赣州交通音乐广播	https://lhttp.qingting.fm/live/4942/64k.mp3	0	交通
江西财经广播	http://live.ximalaya.com/radio-first-page-app/live/614/64.m3u8	0	财经
Kiangsi Financial Radio	http://lhttp.qingting.fm/live/5021665/64k.mp3	0	其他
江西旅游广播	http://live.ximalaya.com/radio-first-page-app/live/1303/64.m3u8	0	其他
江西文艺音乐广播	https://lhttp.qtfm.cn/live/1802/64k.mp3	0	音乐
玉山新闻综合广播	https://play-a2.quklive.com/live/1744269984309138.m3u8	0	新闻
江西综合新闻广播	https://lhttp.qtfm.cn/live/1809/64k.mp3	0	新闻
赣州综合广播（2）	https://lhttp.qingting.fm/live/20266/64k.mp3	0	综合
红调频·九江综合广播	https://lhttp.qingting.fm/live/5022729/64k.mp3	0	综合
鹰潭交通音乐广播	https://lhttp.qingting.fm/live/5022036/64k.mp3	0	交通
抚州交通音乐广播	https://lhttp-hw.qtfm.cn/live/20500015/64k.mp3	0	交通
江西文艺音乐广播	http://live.ximalaya.com/radio-first-page-app/live/608/64.m3u8	0	音乐
九江赣北之声广播	https://lhttp.qtfm.cn/live/5022648/64k.mp3	0	综合
九江交通广播	https://lhttp.qingting.fm/live/5021918/64k.mp3	0	交通
九江文化旅游广播	https://lhttp.qtfm.cn/live/20212210/64k.mp3	0	文艺
新余经济交通广播	https://lhttp-hw.qtfm.cn/live/20093/64k.mp3	0	交通
新余综合广播	https://lhttp-hw.qtfm.cn/live/20178/64k.mp3	0	综合
德兴新闻综合广播 FM98.0	http://218.64.164.152:5021/live_hls/1/playlist.m3u8	0	新闻
抚州新闻综合广播	https://lhttp-hw.qtfm.cn/live/20500226/64k.mp3	0	新闻
江西财经广播	https://lhttp.qtfm.cn/live/5021665/64k.mp3	0	财经
江西广播电视台文艺音乐广播	http://lhttp.qingting.fm/live/1802/64k.mp3	0	音乐
江西时尚广播	http://lhttp.qingting.fm/live/20500092/64k.mp3	0	其他
景德镇综合广播	https://lhttp.qtfm.cn/live/5022025/64k.mp3	0	综合
南康广播电台	https://lhttp.qtfm.cn/live/5021869/64k.mp3	0	其他
江西广播电视台新闻广播	http://lhttp.qingting.fm/live/1809/64k.mp3	0	新闻
江西信息交通广播	http://live.ximalaya.com/radio-first-page-app/live/609/64.m3u8	0	交通
江西信息交通广播	https://lhttp.qtfm.cn/live/1811/64k.mp3	0	交通
江西综合新闻广播	http://live.ximalaya.com/radio-first-page-app/live/606/64.m3u8?transcode=ts	0	新闻
章贡综合广播	http://218.95.14.41:8030/ch0.m3u8	0	综合
长春少儿与老年生活广播	https://lhttp.qtfm.cn/live/4984/64k.mp3	0	生活
鹰潭综合广播	https://lhttp.qingting.fm/live/5022035/64k.mp3	0	综合
南昌综合广播	https://rscdn.ajmide.com/r_1277/nglive_1277.m3u8	0	综合
