济南故事广播	https://lhttp.qtfm.cn/live/1672/64k.mp3	0	文艺
中文课程朗读	https://stream.zeno.fm/rnxvrexlnajvv	0	其他
山东经典音乐广播	http://audiolive302.iqilu.com/sdradioShenghuo/sdradio04/playlist.m3u8	0	音乐
山东交通广播	http://audiolive302.iqilu.com/sdradioJiaotong/sdradio05/playlist.m3u8	0	交通
安丘924(FM92.4)	http://lhttp.qingting.fm/live/20212216/64k.mp3	0	其他
青岛经典音乐广播	http://live.ximalaya.com/radio-first-page-app/live/1853/64.m3u8	0	音乐
山东卫视伴音	https://piccpndali.v.myalicdn.com/audio/shandong_2.m3u8	0	其他
曹县人民广播电台	http://lhttp.qingting.fm/live/5022340/64k.mp3	0	其他
青岛老年广播	http://lhttp.qingting.fm/live/4956/64k.mp3	0	其他
枣庄综合广播	https://lhttp.qtfm.cn/live/1686/64k.mp3	0	综合
济南都市广播	https://lhttp.qtfm.cn/live/5022333/64k.mp3	0	生活
山东音乐广播	http://audiolive302.iqilu.com/sdradioYinyue/sdradio07/playlist.m3u8	0	音乐
青岛新闻广播	http://lhttp.qingting.fm/live/1673/64k.mp3	0	新闻
济南交通广播	https://lhttp.qingting.fm/live/1669/64k.mp3	0	交通
济南新闻综合广播	https://lhttp.qtfm.cn/live/1667/64k.mp3	0	新闻
济南音乐广播	https://lhttp.qtfm.cn/live/1671/64k.mp3	0	音乐
黄岛综合广播	https://lhttp.qingting.fm/live/20176/64k.mp3	0	综合
聊城经济广播	https://lhttp.qtfm.cn/live/5022262/64k.mp3	0	财经
山东经济广播	https://lhttp.qtfm.cn/live/20236/64k.mp3	0	财经
山东文艺广播	https://lhttp.qtfm.cn/live/20238/64k.mp3	0	文艺
济南经济广播	https://lhttp.qtfm.cn/live/1668/64k.mp3	0	财经
崂山921	https://live.ximalaya.com/radio-first-page-app/live/2806/64.m3u8?transcode=ts	0	其他
青岛FM9.26	https://lhttp.qtfm.cn/live/20176/64k.mp3	0	其他
青岛胶州广播	http://lhttp.qingting.fm/live/20211644/64k.mp3	0	其他
潍坊交通广播	https://lhttp.qtfm.cn/live/4014/64k.mp3	0	交通
历城区融媒体中心综合广播	https://lhttp-hw.qtfm.cn/live/20500194/64k.mp3	0	综合
Shantung Music Radio	http://ls.qingting.fm/live/1665.m3u8	0	音乐
烟台经典音乐广播	http://lhttp.qingting.fm/live/20500097/64k.mp3	0	音乐
青岛故事广播	http://video10.qtv.com.cn/zhibogsgb/manifest.m3u8	0	文艺
青岛文艺广播	http://video10.qtv.com.cn/zhibosjcgb/manifest.m3u8	0	文艺
山东体育休闲广播（2）	http://audiolive302.iqilu.com/sdradioTiyu/sdradio08/playlist.m3u8	0	体育
Tsingtao Economics Radio	http://ls.qingting.fm/live/1674.m3u8	0	其他
FM89.8烟台汽车音乐广播	http://lhttp.qingting.fm/live/5022382/64k.mp3	0	音乐
济南文艺广播	http://lhttp.qingting.fm/live/1670/64k.mp3	0	文艺
Tsingtao Music & Sports Radio	http://ls.qingting.fm/live/1677.m3u8	0	体育
青岛FM105.8	http://video10.qtv.com.cn/zhibo875/manifest.m3u8	0	其他
日照交通生活广播 RZBC-2	https://lhttp-hw.qtfm.cn/live/4005/64k.mp3	0	交通
潍坊新闻广播·88.1音乐之声	https://lhttp.qtfm.cn/live/15318631/64k.mp3	0	新闻
滨州综合广播	https://lhttp-hw.qtfm.cn/live/5021395/64k.mp3	0	综合
城阳综合广播 青岛广播爱车940	https://lhttp-hw.qtfm.cn/live/5022537/64k.mp3	0	综合
济宁生活广播	https://lhttp-hw.qtfm.cn/live/4008/64k.mp3	0	生活
临沂交通旅游广播	https://lhttp.qtfm.cn/live/3993/64k.mp3	0	交通
临沂音乐科教广播	https://lhttp-hw.qtfm.cn/live/4017/64k.mp3	0	音乐
青岛交通广播	http://lhttp.qingting.fm/live/1676/64k.mp3	0	交通
威海音乐广播FM90.7 FM88.3	https://lhttp-hw.qtfm.cn/live/15318612/64k.mp3	0	音乐
济宁综合广播	http://lhttp.qingting.fm/live/4901/64k.mp3	0	综合
牡丹之声	https://lhttp.qtfm.cn/live/15318316/64k.mp3	0	综合
青岛经济广播	http://lhttp.qingting.fm/live/1674/64k.mp3	0	财经
青岛新闻综合广播	http://video10.qtv.com.cn/zhiboxwgb/manifest.m3u8	0	新闻
青岛音乐•体育广播	http://lhttp.qingting.fm/live/1677/64k.mp3	0	体育
淄博综合广播（FM89）	https://lhttp-hw.qtfm.cn/live/1678/64k.mp3	0	综合
临沂经济广播	https://lhttp.qtfm.cn/live/3994/64k.mp3	0	财经
临沂文艺广播	https://lhttp.qtfm.cn/live/3995/64k.mp3	0	文艺
山东维语都市广播	https://lhttp-hw.qtfm.cn/live/20211680/64k.mp3	0	生活
Tsingtao News Radio	http://ls.qingting.fm/live/1673.m3u8	0	新闻
Weifang Private Car Radio	http://lhttp.qingting.fm/live/20839/64k.mp3	0	其他
潍坊市潍城区 FM100.8城市之声	https://lhttp.qtfm.cn/live/20211696/64k.mp3	0	综合
潍坊音乐文旅广播	https://lhttp-hw.qtfm.cn/live/15318631/64k.mp3	0	音乐
高密广播电视台	https://lhttp.qtfm.cn/live/20212417/64k.mp3	0	其他
青岛音乐·体育广播	http://video10.qtv.com.cn/zhiboytgb/manifest.m3u8	0	体育
枣庄音乐·人文广播	https://lhttp.qtfm.cn/live/1689/64k.mp3	0	音乐
东营生活广播	http://lhttp.qingting.fm/live/20211580/64k.mp3	0	生活
Hotse Music Radio	http://live.hznet.tv:1935/live/live918/32K/tzwj_video.m3u8	0	音乐
济宁交通文艺广播	https://lhttp.qtfm.cn/live/20087/64k.mp3	0	交通
聊城交通广播	https://lhttp.qtfm.cn/live/5022263/64k.mp3	0	交通
牡丹广播电视台	http://lhttp.qingting.fm/live/15318316/64k.mp3	0	其他
滕州广播电视台	https://lhttp-hw.qtfm.cn/live/5022611/64k.mp3	0	其他
威海综合广播	http://lhttp.qingting.fm/live/20669/64k.mp3	0	综合
枣庄交通·文艺广播	https://lhttp.qtfm.cn/live/1688/64k.mp3	0	交通
东营交通音乐广播	http://lhttp.qingting.fm/live/20142/64k.mp3	0	交通
临沂综合广播	https://lhttp.qtfm.cn/live/3992/64k.mp3	0	综合
泗水广播电视台	http://live.ximalaya.com/radio-first-page-app/live/2775/64.m3u8	0	其他
Weifang Music Radio	http://ls.qingting.fm/live/4865.m3u8	0	音乐
烟台音乐广播	http://live.xmcdn.com/live/2716/64.m3u8	0	音乐
菏泽音乐广播	http://live.hznet.tv:1935/live/live918/32k/tzwj_video.m3u8	0	音乐
聊城综合广播	https://lhttp.qtfm.cn/live/5022264/64k.mp3	0	综合
临淄广播·公信971	https://lhttp-hw.qtfm.cn/live/20212204/64k.mp3	0	其他
蒙阴广播	https://lhttp.qtfm.cn/live/15318571/64k.mp3	0	其他
Shantung Life Radio	http://lhttp.qingting.fm/live/20240/64k.mp3	0	其他
Tsingtao Traffic Radio	http://ls.qingting.fm/live/1676.m3u8	0	交通
潍坊新闻广播	https://lhttp.qtfm.cn/live/20320/64k.mp3	0	新闻
无棣广播	https://lhttp-hw.qtfm.cn/live/5022198/64k.mp3	0	其他
烟台音乐广播	https://lhttp.qtfm.cn/live/1683/64k.mp3	0	音乐
滨州交通音乐广播	https://lhttp-hw.qtfm.cn/live/20519/64k.mp3	0	交通
东营综合广播	http://lhttp.qingting.fm/live/20144/64k.mp3	0	综合
Hotse TV-1 News	http://live.hznet.tv:1935/live/live1/500K/tzwj_video.m3u8	0	新闻
Hotse TV-2 Public	http://live.hznet.tv:1935/live/live2/500K/tzwj_video.m3u8	0	其他
金乡综合广播	https://lhttp.qtfm.cn/live/20500085/64k.mp3	0	综合
蓬莱广播电视台	https://lhttp.qtfm.cn/live/20500112/64k.mp3	0	其他
青岛交通广播	http://video10.qtv.com.cn/zhibojtgb/manifest.m3u8	0	交通
青岛经济广播	http://video10.qtv.com.cn/zhibojjgb/manifest.m3u8	0	财经
潍坊经济广播	https://lhttp.qtfm.cn/live/20839/64k.mp3	0	财经
烟台交通广播	https://lhttp.qtfm.cn/live/1684/64k.mp3	0	交通
章丘广播电视台	https://lhttp.qtfm.cn/live/20212207/64k.mp3	0	其他
周村区广播电视台	https://lhttp-hw.qtfm.cn/live/20500132/64k.mp3	0	其他
定陶人民广播电台	http://lhttp.qingting.fm/live/20211680/64k.mp3	0	其他
菏泽交通广播	http://live.hznet.tv:1935/live/live948/32k/tzwj_video.m3u8	0	交通
即墨人民广播电台	https://lhttp.qingting.fm/live/20807/64k.mp3	0	其他
崂山921  听见好时光	http://lhttp.qingting.fm/live/20212426/64k.mp3	0	其他
历城广播电视台	https://live.ximalaya.com/radio-first-page-app/live/2903/64.m3u8?transcode=ts	0	其他
牟平广播电视台	https://lhttp.qtfm.cn/live/5022382/64k.mp3	0	其他
庆云县融媒体中心综合广播	https://lhttp-hw.qtfm.cn/live/5022403/64k.mp3	0	综合
Weifang Traffic Radio	http://ls.qingting.fm/live/4014.m3u8	0	交通
滨城广播电视台	https://lhttp.qtfm.cn/live/20500168/64k.mp3	0	其他
成武综合广播	https://lhttp-hw.qtfm.cn/live/20211637/64k.mp3	0	综合
菏泽新闻广播	http://live.hznet.tv:1935/live/live875/32k/tzwj_video.m3u8	0	新闻
梁山广播电视台综合广播	https://lhttp-hw.qtfm.cn/live/20500235/64k.mp3	0	综合
利津县融媒体中心综合广播	https://lhttp-hw.qtfm.cn/live/20500138/64k.mp3	0	综合
临朐人民广播电台	https://lhttp.qingting.fm/live/20500033/64k.mp3	0	其他
Shandong RGD Life Channel	https://audiolive302.iqilu.com/sdradioShenghuo/sdradio04/playlist.m3u8	0	其他
山亭声动970	https://lhttp-hw.qtfm.cn/live/20500047/64k.mp3	0	其他
Tsingtao Story Radio	http://ls.qingting.fm/live/4956.m3u8	0	其他
滨州文艺广播	https://lhttp-hw.qtfm.cn/live/21341/64k.mp3	0	文艺
广饶广播电视台	https://lhttp-hw.qtfm.cn/live/20500036/64k.mp3	0	其他
寒亭人民广播电台	https://lhttp.qingting.fm/live/4865/64k.mp3	0	其他
Hotse News Radio	http://live.hznet.tv:1935/live/live875/32K/tzwj_video.m3u8	0	新闻
寿光广播电视台	https://lhttp.qtfm.cn/live/20500211/64k.mp3	0	其他
威海交通广播FM102.2 FM95.0 AM1557	https://lhttp-hw.qtfm.cn/live/20671/64k.mp3	0	交通
威海综合广播FM105.1 FM107.3 AM1206	https://lhttp-hw.qtfm.cn/live/20669/64k.mp3	0	综合
阳信广播电视台	https://lhttp.qtfm.cn/live/5021991/64k.mp3	0	其他
枣庄经济生活广播	https://lhttp.qtfm.cn/live/1687/64k.mp3	0	财经
淄川广播电视台	https://lhttp-hw.qtfm.cn/live/20211598/64k.mp3	0	其他
烟台综合广播	https://lhttp.qtfm.cn/live/1682/64k.mp3	0	综合
邹平市融媒体中心综合广播	https://lhttp-hw.qtfm.cn/live/5022097/64k.mp3	0	综合
Hotse Traffic Radio	http://live.hznet.tv:1935/live/live948/32K/tzwj_video.m3u8	0	交通
蓬莱电台仙境之声	https://lhttp-hw.qtfm.cn/live/20500112/64k.mp3	0	综合
