杭州市广播电视台西湖之声	https://lhttp.qtfm.cn/live/1163/64k.mp3	0	综合
浙江之声	http://ali-m-l.cztv.com/channels/lantian/fm88/128k.m3u8	0	综合
浙江交通之声	http://ali-m-l.cztv.com/channels/lantian/fm93/128k.m3u8	0	交通
杭州城市资讯广播 FM90.7杭州潮流音乐电台	https://lhttp-hw.qtfm.cn/live/15318146/64k.mp3	0	新闻
温州私家车音乐广播	http://lhttp.qingting.fm/live/1149/64k.mp3	0	音乐
杭州交通经济广播	http://live.xmcdn.com/live/632/64.m3u8	0	交通
say whaaaaaaaaaaaaaaat	https://stream.zeno.fm/afh4crom56mvv	0	其他
浙江旅游之声	http://ali-m-l.cztv.com/channels/lantian/fm1045/128k.m3u8	0	综合
杭州华语之声网络广播	https://lhttp.qtfm.cn/live/20505/64k.mp3	0	综合
台州音乐广播	https://lhttp.qingting.fm/live/1144/64k.mp3	0	音乐
义乌新闻	https://lhttp.qtfm.cn/live/20537/64k.mp3	0	新闻
龙游人民广播电台FM95.4	https://lhttp-hw.qtfm.cn/live/15318359/64k.mp3	0	其他
浙江音乐调频	http://ali-m-l.cztv.com/channels/lantian/fm968/128k.m3u8	0	音乐
杭州音乐时尚广播	https://live.xmcdn.com/live/1845/64.m3u8	0	音乐
宁波经济广播	https://lhttp.qtfm.cn/live/1152/64k.mp3	0	财经
浙江城市之声	http://ali-m-l.cztv.com/channels/lantian/fm107/128k.m3u8	0	综合
慈溪人民广播电台	https://lhttp.qingting.fm/live/5021401/64k.mp3	0	其他
FM101仙居融媒体广播	https://lhttp-hw.qtfm.cn/live/5021908/64k.mp3	0	其他
杭州交通经济广播	https://lhttp.qtfm.cn/live/1133/64k.mp3	0	交通
嘉兴对农广播 FM88.2	https://lhttp-hw.qtfm.cn/live/1136/64k.mp3	0	其他
萧山综合广播	https://l.cztvcloud.com/channels/lantian/SXxiaoshanaud1/128k.m3u8	0	综合
浙江之声中波	http://satellitepull.cnr.cn/live/wxzjzs/playlist.m3u8?wsSession=1c983a4091d3a5f8a963629b-174704991695690&wsIPSercert=cfb15583bad3e1e7c083a9a0d492bf48	0	综合
FM97 舟山交通音乐广播	https://lhttp.qingting.fm/live/1161/64k.mp3	0	交通
上虞广播-2	https://l.cztvcloud.com/channels/lantian/SXshangyu2/720p.m3u8	0	其他
长兴人民广播电台·Up Radio FM97.3太湖之声	https://lhttp.qtfm.cn/live/5022311/64k.mp3	0	综合
湖州交通文艺广播	https://lhttp.qtfm.cn/live/2811/64k.mp3	0	交通
FM105平阳电台	https://lhttp-hw.qtfm.cn/live/5022624/64k.mp3	0	其他
嘉兴交通经济广播 FM92.2	https://lhttp-hw.qtfm.cn/live/1135/64k.mp3	0	交通
嘉兴音乐广播	http://lhttp.qingting.fm/live/1136/64k.mp3	0	音乐
平湖广播 FM90.6（直播间视频流）	http://l.cztvcloud.com/channels/lantian/SXpinghu4/720p.m3u8	0	其他
玉环综合广播	https://lhttp-hw.qtfm.cn/live/20212390/64k.mp3	0	综合
浙江民生资讯广播	http://ali-m-l.cztv.com/channels/lantian/fm996/128k.m3u8	0	新闻
浙江新闻广播	http://ali-m-l.cztv.com/channels/lantian/fm988/128k.m3u8	0	新闻
浙江新闻频道	http://ali-vl.cztv.com/channels/lantian/channel007/360p.m3u8	0	新闻
嘉兴新闻广播	http://lhttp.qingting.fm/live/1154/64k.mp3	0	新闻
绍兴交通广播	http://lhttp.qingting.fm/live/5053/64k.mp3	0	交通
北仑电台	https://lhttp.qingting.fm/live/1153/64k.mp3	0	其他
FM998 舟山新闻综合广播	https://lhttp.qingting.fm/live/1160/64k.mp3	0	新闻
绍兴戏曲广播	http://lhttp.qingting.fm/live/5054/64k.mp3	0	戏曲
Siaoshan Cable Radio	http://l.cztvcloud.com/channels/lantian/SXxiaoshanaud2/128k.m3u8	0	其他
台州交通广播	https://lhttp.qingting.fm/live/1146/64k.mp3	0	交通
天台人民广播电台	https://lhttp.qingting.fm/live/5022200/64k.mp3	0	其他
东阳综合广播	https://lhttp.qtfm.cn/live/21181/64k.mp3	0	综合
江山市广播电视台广播节目	http://play-sh.quklive.com/live/1621846880977914.m3u8	0	其他
临安综合广播	https://lhttp.qtfm.cn/live/20005/64k.mp3	0	综合
Sinchang News TV	http://l.cztvcloud.com/channels/lantian/SXxinchang1/720p.m3u8	0	新闻
温州交通广播	http://lhttp.qingting.fm/live/1156/64k.mp3	0	交通
温州综合广播	https://lhttp.qtfm.cn/live/1155/64k.mp3	0	综合
余姚广播	http://l.cztvcloud.com/channels/lantian/SXyuyaoaud/128k.m3u8	0	其他
镇海104.7 Nice FM	https://lhttp-hw.qtfm.cn/live/20033/64k.mp3	0	其他
自强之声	https://lhttp-hw.qtfm.cn/live/5021905/64k.mp3	0	综合
Yunho TV	http://l.cztvcloud.com/channels/lantian/SXyunhe1/720p.m3u8	0	其他
蝠声文艺频道	http://fm.fsaxgb.com/radio/fsgb1.m3u8	0	文艺
嘉兴综合广播 FN104.1	https://lhttp-hw.qtfm.cn/live/1154/64k.mp3	0	综合
Shangyu New Commercial City TV	http://l.cztvcloud.com/channels/lantian/SXshangyu3/720p.m3u8	0	其他
桐乡人民广播电台	http://lhttp.qingting.fm/live/5021791/64k.mp3	0	其他
Wencheng News TV	http://l.cztvcloud.com/channels/lantian/SXwencheng1/720p.m3u8	0	新闻
温州对农广播	http://lhttp.qingting.fm/live/1158/64k.mp3	0	其他
温州音乐之声	https://lhttp.qtfm.cn/live/1149/64k.mp3	0	音乐
海宁大潮之声🌊	https://lhttp.qtfm.cn/live/5022556/64k.mp3	0	综合
宁波音乐广播	https://lhttp-hw.qtfm.cn/live/1142/64k.mp3	0	音乐
绍兴综合广播	http://live.shaoxing.com.cn/audio/s10001-xw1/index.m3u8	0	综合
嵊泗广播	http://l.cztvcloud.com/channels/lantian/SXshengsiaud/128k.m3u8	0	其他
Siaoshan FM Radio	http://l.cztvcloud.com/channels/lantian/SXxiaoshanaud1/128k.m3u8	0	其他
Siaoshan Life TV	http://l.cztvcloud.com/channels/lantian/SXxiaoshan2/720p.m3u8	0	其他
Wuyi News TV	http://l.cztvcloud.com/channels/lantian/SXwuyi1/720p.m3u8	0	新闻
永康电台FM106.6	https://lhttp.qtfm.cn/live/5022570/64k.mp3	0	其他
乐清人民广播电台	http://lhttp.qingting.fm/live/20204/64k.mp3	0	其他
Yurao Culture TV	http://l.cztvcloud.com/channels/lantian/SXyuyao2/720p.m3u8	0	文艺
黄岩电台	https://lhttp-hw.qtfm.cn/live/5022671/64k.mp3	0	其他
湖州经济广播	https://lhttp.qtfm.cn/live/2812/64k.mp3	0	财经
嘉兴交通广播	http://lhttp.qingting.fm/live/1135/64k.mp3	0	交通
Kaihwa TV	http://l.cztvcloud.com/channels/lantian/SXkaihua1/720p.m3u8	0	其他
宁海新闻综合广播 FM98.9	https://lhttp-hw.qtfm.cn/live/5022406/64k.mp3	0	新闻
浦江人民广播电台	https://lhttp-hw.qtfm.cn/live/5021924/64k.mp3	0	其他
Shangyu News TV	http://l.cztvcloud.com/channels/lantian/SXshangyu1/720p.m3u8	0	新闻
Shangyu TV Series TV	http://l.cztvcloud.com/channels/lantian/SXshangyu2/720p.m3u8	0	其他
嵊州综合广播 FM100.3	https://l.cztvcloud.com/channels/lantian/SXshengzhouaud/128k.m3u8	0	综合
温州之声	http://lhttp.qingting.fm/live/1155/64k.mp3	0	综合
Yurao News TV	http://l.cztvcloud.com/channels/lantian/SXyuyao1/720p.m3u8	0	新闻
湖州综合广播	https://lhttp.qingting.fm/live/2810/64k.mp3	0	综合
柯桥人民广播电台	http://lhttp.qingting.fm/live/2422/64k.mp3	0	其他
丽水龙泉广播	http://l.cztvcloud.com/channels/lantian/SXlongquanaud/128k.m3u8	0	其他
Lungyou Life & Entertainment TV	http://l.cztvcloud.com/channels/lantian/SXlongyou2/720p.m3u8	0	其他
宁波交通广播	https://lhttp-hw.qtfm.cn/live/1140/64k.mp3	0	交通
普陀广播	http://l.cztvcloud.com/channels/lantian/SXputuoaud/128k.m3u8	0	其他
青田广播	http://l.cztvcloud.com/channels/lantian/SXqingtianaud/128k.m3u8	0	其他
衢州交通广播	http://lhttp.qingting.fm/live/20442/64k.mp3	0	交通
衢州新闻广播	http://lhttp.qingting.fm/live/20444/64k.mp3	0	新闻
三门人民广播电台	http://lhttp.qingting.fm/live/15318638/64k.mp3	0	其他
绍兴交通广播	http://live.shaoxing.com.cn/audio/s10001-jt2/index.m3u8	0	交通
绍兴戏曲广播	http://live.shaoxing.com.cn/audio/s10001-xq3/index.m3u8	0	戏曲
绍兴综合广播	http://lhttp.qingting.fm/live/5052/64k.mp3	0	综合
Siaoshan News TV	http://l.cztvcloud.com/channels/lantian/SXxiaoshan1/720p.m3u8	0	新闻
松阳广播	http://l.cztvcloud.com/channels/lantian/SXsongyangaud/128k.m3u8	0	其他
新昌人民广播电台·天姥之声	https://lhttp.qingting.fm/live/20212423/64k.mp3	0	综合
诸暨人民广播电台	http://lhttp.qingting.fm/live/5022482/64k.mp3	0	其他
金华综合广播	https://rscdn.ajmide.com/r_1346/nglive_1346.m3u8	0	综合
临海人民广播电台	http://lhttp.qingting.fm/live/5022437/64k.mp3	0	其他
丽水交通音乐广播	https://rscdn.ajmide.com/r_2869/nglive_2869.m3u8	0	交通
丽水综合广播	https://rscdn.ajmide.com/r_2868/nglive_2868.m3u8	0	综合
宁波综合广播	https://lhttp-hw.qtfm.cn/live/1138/64k.mp3	0	综合
上虞广播-1	https://l.cztvcloud.com/channels/lantian/SXshangyu1/720p.m3u8	0	其他
台州综合广播	https://lhttp.qingting.fm/live/1145/64k.mp3	0	综合
温岭1036·温岭人民广播电台	http://lhttp.qingting.fm/live/4567/64k.mp3	0	其他
温州经济广播	https://lhttp.qtfm.cn/live/1157/64k.mp3	0	财经
武义广播FM87.7	http://l.cztvcloud.com/channels/lantian/SXwuyiaud/128k.m3u8	0	其他
鄞州区1052LoveRadio	https://lhttp.qtfm.cn/live/5022061/64k.mp3	0	其他
苍南广播	http://l.cztvcloud.com/channels/lantian/SXcangnanaud/128k.m3u8	0	其他
金华交通音乐广播	https://rscdn.ajmide.com/r_1345/nglive_1345.m3u8	0	交通
缙云广播	http://l.cztvcloud.com/channels/lantian/SXjinyunaud/128k.m3u8	0	其他
开化广播	http://l.cztvcloud.com/channels/lantian/SXkaihuaaud/128k.m3u8	0	其他
庆元广播	http://l.cztvcloud.com/channels/lantian/SXqingyuanaud/128k.m3u8	0	其他
瑞安人民广播电台	http://lhttp.qingting.fm/live/1143/64k.mp3	0	其他
Shangyu People Radio	http://l.cztvcloud.com/channels/lantian/SXshangyuaud/128k.m3u8	0	其他
上虞广播-3	https://l.cztvcloud.com/channels/lantian/SXshangyuaud/128k.m3u8	0	其他
Sinchang Voice of Tienmu	http://l.cztvcloud.com/channels/lantian/SXxinchangaud/128k.m3u8	0	其他
遂昌综合广播	http://l.cztvcloud.com/channels/lantian/SXsuichangaud/128k.m3u8	0	综合
温州经济生活广播	http://lhttp.qingting.fm/live/1157/64k.mp3	0	财经
象山综合广播	http://l.cztvcloud.com/channels/lantian/SXxiangshanaud/128k.m3u8	0	综合
永嘉综合广播	http://l.cztvcloud.com/channels/lantian/SXyongjiaaud/128k.m3u8	0	综合
云和广播	http://l.cztvcloud.com/channels/lantian/SXyunheaud/128k.m3u8	0	其他
诸暨综合广播	http://l.cztvcloud.com/channels/lantian/SXzhujiaud/128k.m3u8	0	综合
洞头广播	http://l.cztvcloud.com/channels/lantian/SXdongtouaud/128k.m3u8	0	其他
金华对农广播	https://rscdn.ajmide.com/r_1348/nglive_1348.m3u8	0	其他
兰溪人民广播电台	http://l.cztvcloud.com/channels/lantian/SXlanxiaud/128k.m3u8	0	其他
衢江广播	http://l.cztvcloud.com/channels/lantian/SXqujiangaud/128k.m3u8	0	其他
浙江经济广播	http://ali-m-l.cztv.com/channels/lantian/fm95/128k.m3u8	0	财经
之江记录	https://ali-m-l.cztv.com/channels/lantian/channel012/1080p.m3u8	0	其他
文成广播	http://l.cztvcloud.com/channels/lantian/SXwenchengaud/128k.m3u8	0	其他
