Zeppelin 106.7	https://radiostreaming.ert.gr/ert-zeppelin	0	其他
Psyndora Psytrance	http://cast.magicstreams.gr:9111/stream	0	其他
Blues Radio	http://cast3.radiohost.ovh:8352/	0	其他
Sport FM 94.6	http://netradio.live24.gr/sportfm7712	0	体育
Psyndora Chillout	http://cast.magicstreams.gr:9125/stream	0	其他
Trance Athena	http://cast.streams.ovh:8008/stream	0	其他
Pepper 96.6	https://stream.radiojar.com/pepper	0	其他
SKAI 100.3	https://skai.live24.gr/skai1003	0	其他
Rythmos 94.9	http://stream.radiojar.com/aw1w2xfx1vduv	0	其他
Real FM 97.8	http://netradio.live24.gr/realfm	0	其他
Electronica Vibes - Pirate Radio GR	https://live.piratefm.net/electronica_vibes	0	其他
Mega News 104.6	https://nmcdn-ea00263bf2fa4959b1207c5b169d1517.msvdn.net/icecastRelay/S92303783/lih0S0uubyJi/icecast	0	新闻
1055 Rock - Thessaloniki	https://radio.1055rock.gr:31056/live	0	音乐
Sfera 102.2	http://sfera.live24.gr/sfera4132	0	其他
Vanilla Radio Deep Flavors	https://stream.vanillaradio.com:8003/live	0	其他
Σκύλος 90	http://n01.radiojar.com/819r8wupdrruv?rj-ttl=5&rj-tok=AAABePEMVGgAGH9g3lsAx7imBA	0	其他
Ellinikos 93.2	http://netradio.live24.gr/orange9320	0	其他
MENTA 88	https://netradio.live24.gr/menta88ath?1699021717	0	其他
Vanilla Radio Smooth Flavors	https://smooth.vanillaradio.com:8032/live	0	其他
Kiss 92.9	http://netradio.live24.gr/kissfmathens	0	其他
Metropolis 95.5	http://metropolis.live24.gr/metropolis955thess	0	其他
Love Radio 97.5	http://netradio.live24.gr/loveradio-1000	0	其他
1st Greek Jazz FLAC Radio AAC+	https://stream.newageradio.gr/listen/jazz/radio.aac	0	音乐
ΕΡΑσπορ	https://radiostreaming.ert.gr/ert-erasport	0	其他
Δρομοσ 89,8 | Dromos 89,8	http://netradio.live24.gr/dromos2	0	其他
Skai 100.3	http://netradio.live24.gr/skai1003	0	其他
Rainbow 89	http://n0e.radiojar.com/083wqknmsuhvv?rj-ttl=5&rj-tok=AAABhHgFMdoAMjpYSw5BtqF9Zg	0	其他
Παραπολιτικά FM 90.1	http://netradio.live24.gr/athinaradio	0	其他
Ρυθμός 89.2	http://s4.onweb.gr:8892/stream?type=http&nocache=136101	0	其他
Δίεση 101.3	http://orange.live24.gr/orange9320	0	其他
Seven News 94.4	https://i5.streams.ovh:14030/live	0	新闻
Πειραϊκή Εκκλησία	https://impradio.bytemasters.gr/8002/stream	0	其他
Derti 98.6	http://derti.live24.gr/derty1000	0	其他
ERA Trito Programma	http://radiostreaming.ert.gr/ert-trito	0	其他
Μάχη 99.8	https://maxhfm.streams.gr/ic/maxhfm/stream	0	其他
Sfera 102.2	https://sfera.live24.gr/sfera4132	0	其他
Best 92.6	http://best.live24.gr/best1222	0	其他
KISS FM 100.6	http://live.radiokiss.gr/kissfm1006hq.mp3	0	其他
En Lefko 87.7	https://n12a-eu.rcs.revma.com/trm75ret4c3vv?rj-ttl=5&rj-tok=AAABnHLBW28A7OTR3a298An3Yg	0	其他
Μελωδία Θεσσαλονίκης 98	https://netradio.live24.gr/north98thess	0	其他
Parapolitika 90.1	https://netradio.live24.gr/athinaradio	0	其他
1st Greek Hits FLAC Non-Stop Radio	https://stream.newageradio.gr/listen/flac_gr/radio.aac	0	其他
Music 89.2	https://netradio.live24.gr/music892	0	音乐
1st Greek New Age FLAC Radio AAC+ 320kbps	https://stream.newageradio.gr/listen/hq/radio.aac	0	其他
ΕΡΤ Δεύτερο Λαϊκά	http://radiostreaming.ert.gr/ert-talaika	0	其他
Radio Art - Chillout	http://air.radioart.com/fChillout.mp3	0	其他
Athina 984	http://athina984.live24.gr/athina984	0	其他
Imagine 897 Thessaloniki,gr 	https://imagine897.radioca.st/stream	0	其他
stokokkino	http://stream.radiojar.com/kokkino-ath.mp3	0	其他
Focus FM 103.6	https://ice.greekstream.net/focusfm	0	其他
Mad Radio 106.2	http://mediaserver.mad.tv/stream	0	其他
ERA Kosmos	http://radiostreaming.ert.gr/ert-kosmos	0	其他
Laikos FM	http://netradio.live24.gr/laikos876	0	其他
Off Radio - Athens	http://s3.yesstreaming.net:7062/stream	0	其他
Club FM GR	https://stream-32.zeno.fm/z8cp1nqwhnruv?zs=sUtan8GnTDGarEqChfudfg&acu-uid=727435602967&triton-uid=cookie%3A83ca5b14-582e-4c12-a5ab-255cdb39e2cb	0	其他
Chill FM GR	https://stream-61.zeno.fm/p2rk6a1pfg0uv?zs=vzCFMjdPQzq1cC0zehM5Aw&acu-uid=727435602967&triton-uid=cookie%3A83ca5b14-582e-4c12-a5ab-255cdb39e2cb	0	其他
ERA Proto Programma	http://radiostreaming.ert.gr/ert-proto	0	其他
OFFradio (320)	https://s7.yesstreaming.net/stream/8000	0	其他
Jazz Cafe	https://stream-59.zeno.fm/hx6t4t15e8zuv?zs=NBUVDmgqQSWS38xPcU2OmA&acu-uid=727435602967&triton-uid=cookie%3A83ca5b14-582e-4c12-a5ab-255cdb39e2cb	0	音乐
Μελωδία 99.2	https://stream.rcs.revma.com/8tdwa6ez1duvv	0	其他
Cosmoradio 95,1	http://eco.onestreaming.com:8689/	0	其他
ERA Deftero Programma	http://radiostreaming.ert.gr/ert-deftero	0	其他
Derti 107.7	http://i5.streams.ovh:14008/stream?type=http&nocache=100540	0	其他
99 Ράδιο 1	http://n13.radiojar.com/t0x7dyqmsuhvv?rj-ttl=5&rj-tok=AAABhH0rD-QAgA2xJnC5B93PWQ	0	其他
Sport FM 94.6	http://sportfm.live24.gr/sportfm7712?344b685e2518b0370f0d731432f51438	0	体育
Best Radio 92.6	https://best.live24.gr/best1222	0	其他
Blues Radio Athens	https://i4.streams.ovh/sc/bluesrad/stream	0	其他
Lampsi 92.3	https://az11.yesstreaming.net:8140/radio.mp3	0	其他
REBEL 105.2	http://netradio.live24.gr/rebel1052	0	其他
Εκκλησία της Ελλάδας 89.5	https://loki.mental-media.gr:8038/index.html	0	其他
Disco Net	https://stream1.468.gr/8004/stream	0	其他
VELVET 96.8	http://s10.voscast.com:9942/;	0	其他
 Alexandroupolis Dee Jay 94.8	https://stream.myip.gr/proxy/deejay?mp=/stream	0	其他
realfm97.8	https://realfm.live24.gr/realfm	0	其他
ΕΡΤ Δεύτερο Πρόγραμμα	https://radiostreaming.ert.gr/ert-deftero	0	其他
Athens Deejay 95.2	http://netradio.live24.gr/athensdeejay	0	其他
easy	https://easy972.live24.gr/easy972	0	其他
Ερωτικός 94.8	http://eu1.fastcast4u.com:21624/stream	0	其他
Happy 104	http://ath10400fm-radioplayer.live24.gr/ath10400fm	0	其他
Disco Cafe	https://azuracast.streams.ovh:8260/radio.mp3	0	其他
Bar Legend Radio	https://solid24.streamupsolutions.com/proxy/nilxzqeg?mp=/stream	0	其他
Vanilla Radio.com - Fresh Flavours Stream	https://fresh.vanillaradio.com:8028/live	0	其他
ΕΡΤ Kosmos	https://radiostreaming.ert.gr/ert-kosmos	0	其他
Red 96.3	https://netradio.live24.gr/red9630	0	其他
Radio Art - Piano for Sleep	http://air.radioart.com/fPiano_for_sleep.mp3	0	其他
Rock FM 96.9	https://az10.yesstreaming.net:8060/radio.mp3	0	音乐
Dalkas 88.2	https://stream.radiojar.com/pr9r38w802hvv	0	其他
Chillout TreePines 	https://n07.radiojar.com/n4dzb3znn3quv.mp3?rj-ttl=5&rj-tok=AAABhNTTrbwAVrK_m_qtIxI5pQ	0	其他
Radio Art - Relaxing (Violin, Piano & Cello)	http://air.radioart.com/fRelaxing.mp3	0	其他
FLY 104	https://imagine2.radioca.st/;	0	其他
Hit Ellinikos	https://solid9.streamupsolutions.com/proxy/zvbgdllc?mp=/stream	0	其他
ERT news	https://radiostreaming.ert.gr/ert-proto	0	新闻
Rock Melodic Radio	http://live.rockmelodic-radio.com:8124/stream	0	音乐
Alpha 98.9	http://stream.radiojar.com/xcdg6yggzfeuv	0	其他
Galaxy Music The Deep House	https://stream-51.zeno.fm/sgehc2mzwd0uv?zs=DutBe-m5Sz6waLQy8l8ejg	0	音乐
Chillout Tree Pines	http://n0f.radiojar.com/n4dzb3znn3quv.mp3?rj-ttl=5&rj-tok=AAABeKi_TokAUTY4EzBEHHiJzQ	0	其他
