德云社相声合集	https://stream.zeno.fm/yqawwmweq8mtv	0	戏曲
安徽小说评书广播	https://lhttp.qtfm.cn/live/1951/64k.mp3	0	戏曲
CCTV-11戏曲伴音	https://piccpndali.v.myalicdn.com/audio/cctv11_2.m3u8	0	戏曲
河南戏曲广播	https://stream.hndt.com/live/yule/playlist.m3u8	0	戏曲
上海戏剧曲艺广播	https://lhttp.qingting.fm/live/269/64k.mp3	0	戏曲
衡水交通评书广播	https://lhttp.qtfm.cn/live/5021940/64k.mp3	0	戏曲
上海戏剧曲艺广播 AM1197 FM97.2	https://lhttp-hw.qtfm.cn/live/269/64k.mp3	0	戏曲
安徽戏曲广播	https://lhttp.qtfm.cn/live/1952/64k.mp3	0	戏曲
苏州戏曲广播	http://lhttp.qingting.fm/live/20211622/64k.mp3	0	戏曲
河南戏曲网络广播	http://stream.hndt.com/live/wangluoxiqu/playlist.m3u8	0	戏曲
廊坊戏曲广播·飞扬105	http://lhttp.qingting.fm/live/20211678/64k.mp3	0	戏曲
安徽戏曲广播 高清	http://satellitepull.cnr.cn/live/wxahxqgb/playlist.m3u8?wsSession=c650605f64c6488d38b66982-174830342984889&wsIPSercert=cd39a342afce39d82188ebae3a31d1b8	0	戏曲
潮州戏曲广播	http://ls.qingting.fm/live/4595.m3u8	0	戏曲
潮州戏曲广播	https://lhttp.qingting.fm/live/4595/64k.mp3	0	戏曲
绍兴戏曲广播	http://lhttp.qingting.fm/live/5054/64k.mp3	0	戏曲
绍兴戏曲广播	http://live.shaoxing.com.cn/audio/s10001-xq3/index.m3u8	0	戏曲
