 Sky News Australia Radio	https://playerservices.streamtheworld.com/api/livestream-redirect/NOVA_SKYNEWSAAC.aac	0	新闻
80s 90s Super Pop Hits	https://s4.myradiostream.com:7344/listen.mp3?	0	音乐
Biloela 4BRZ 89.7MHz FM The Breeze Central Queensland	https://s8.yesstreaming.net:17065/BrzCNQ	0	其他
3AW - Melbourne - 693 AM (MP3)	http://playerservices.streamtheworld.com/api/livestream-redirect/3AW.mp3	0	其他
ABC NewsRadio MP3	http://abc.streamguys1.com/live/newsradio/icecast.audio	0	新闻
ABC News Radio	http://abc.streamguys1.com/live/newsradio/icecast.audio	0	新闻
triple j (NSW)	https://mediaserviceslive.akamaized.net/hls/live/2038308/triplejnsw/master.m3u8	0	其他
ABC Radio National AAC+	http://abc.streamguys1.com/live/rnnsw/icecast.audio	0	其他
Triple J	http://abc.streamguys1.com/live/triplejnsw/icecast.audio	0	其他
2SM SRN Sydney	https://cast4.asurahosting.com/proxy/2sm1269/stream	0	其他
SBS Chill	http://sbs-ice.streamguys1.com/sbschill	0	其他
Gold 104.3	https://ais-arn.streamguys1.com/au_004_icy	0	其他
774 ABC Melbourne	https://streaming.abc-cdn.net.au/audio/hls/localmelbourne.m3u8?source=web	0	其他
Triple M Adelaide	https://legacy.scahw.com.au/5mmm_32	0	其他
ABC Triple J Queensland 20220701	https://mediaserviceslive.akamaized.net/hls/live/2038347/triplejqld/masterhq.m3u8	0	其他
Smooth Relax Australia (AAC+ 320k)	http://playerservices.streamtheworld.com/api/livestream-redirect/SMOOTHRELAX_SYD_AAC320.aac	0	其他
Big Hits Radio QLD Townsville North Queensland 20220701	https://onlineradiobox.com/json/au/bighits/play?platform=web	0	其他
2GB - Sydney - 873 AM (MP3)	http://playerservices.streamtheworld.com/api/livestream-redirect/2GB.mp3	0	其他
Power100 100.7MHz FM Townsville QLD First in Local News and Music 20220701	https://playerservices.streamtheworld.com/api/livestream-redirect/TOW_POWER100AAC_SC	0	新闻
全澳华语广播华厦之声	http://46.4.40.246:8059/stream	0	综合
ABC Jazz HLS	https://mediaserviceslive.akamaized.net/hls/live/2038319/abcjazz/index.m3u8	0	音乐
SBS PopAsia	https://sbs-ice.streamguys1.com/sbs-popasia-sbs-web	0	音乐
Kiss FM 87.6, 87.8 & 88.0 Melbourne, VIC	http://cc.net2streams.com:8565/kissfm.mp3	0	其他
PBS FM - Melbourne - 106.7 FM (AAC+)	http://playerservices.streamtheworld.com/api/livestream-redirect/3PBS_FMAAC.aac	0	其他
Fox 101.9	https://legacy.scahw.com.au/3fox_128	0	其他
1029 Hot Tomato	http://playerservices.streamtheworld.com/api/livestream-redirect/GOL_HOTTOMATO.mp3	0	其他
GOLD 104.3 - Melbourne - 104.3 FM (AAC+)	http://playerservices.streamtheworld.com/api/livestream-redirect/ARN_GOLD1043AAC.aac	0	其他
ABC Radio Melbourne	https://mediaserviceslive.akamaized.net/hls/live/2038300/localmelbourne/masterhq.m3u8	0	其他
Australia Forest Sounds - Dereel VIC (3h)	https://dn721903.ca.archive.org/0/items/australian-forest-sounds/08%20Calm%20creek%20flowing%2C%20frogs%20and%20birds%20_Dereel%20VIC.mp3	0	其他
102.5 ABC Perth	https://streaming.abc-cdn.net.au/audio/hls/localperth.m3u8?source=web	0	其他
Triple M Sydney	http://legacy.scahw.com.au/2mmm_128	0	其他
AC878 澳洲华语FM电台	https://stream4.rcast.net/71937/#?.mp3	0	其他
TrustFM	https://trust-canberra-b3c69c68.radiocult.fm/stream	0	其他
4BC - Brisbane - 882 AM (MP3)	http://playerservices.streamtheworld.com/api/livestream-redirect/4BC.mp3	0	其他
ABC Radio National HLS	https://mediaserviceslive.akamaized.net/hls/live/2038318/rnnsw/index.m3u8	0	其他
Double J QLD	https://mediaserviceslive.akamaized.net/hls/live/2038342/doublejqld/index.m3u8	0	其他
Smooth FM 95.3 - Sydney - 95.3 FM (AAC+ 320k)	http://playerservices.streamtheworld.com/api/livestream-redirect/SMOOTH953_AAC320.aac	0	其他
6PR - Perth - 882 AM (MP3)	http://playerservices.streamtheworld.com/api/livestream-redirect/6PR.mp3	0	其他
702 ABC Sydney	https://streaming.abc-cdn.net.au/audio/hls/localsydney.m3u8?source=web	0	其他
ABC Radio Adelaide	https://mediaserviceslive.akamaized.net/hls/live/2038298/localadelaide/index.m3u8	0	其他
ABC Classic 2 HLS	https://mediaserviceslive.akamaized.net/hls/live/2038317/classic2/index.m3u8	0	其他
Triple M 90s	http://legacy.scahw.com.au/290s_32	0	其他
The Prog Rock Machine	https://theproganrockmachine.out.airtime.pro/theproganrockmachine_b	0	音乐
Indian link radio	https://indianlink1.radioca.st/	0	其他
2GB 873 Sydney	https://28093.live.streamtheworld.com/2GBAAC_O/HLS/playlist.m3u8	0	其他
ABC NewsRadio	https://streaming.abc-cdn.net.au/audio/hls/newsradio.m3u8?source=web	0	新闻
ABC Jazz 20220701	https://mediaserviceslive.akamaized.net/hls/live/2038319/abcjazz/masterhq.m3u8	0	音乐
Nova 100 - Melbourne - 100.3 FM (AAC+ 320k)	http://playerservices.streamtheworld.com/api/livestream-redirect/NOVA_100_AAC320.aac	0	其他
ABC 702kHz AM Sydney NSW Local Radio 20220701	https://mediaserviceslive.akamaized.net/hls/live/2038302/localsydney/masterhq.m3u8	0	其他
KIIS 106.5	https://ais-arn.streamguys1.com/au_007_icy	0	其他
1116 SEN Melbourne	http://13.54.221.214:8000/sen.mp3	0	其他
8-bit Remix Radio	https://terminal-dystopia.com/radio/stream.mp3	0	其他
Free FM Rock Austral	https://freefmrock.radioca.st/	0	音乐
ABC Radio National Live 20220701	https://mediaserviceslive.akamaized.net/hls/live/2038318/rnnsw/masterhq.m3u8	0	其他
ABC Classic HLS	https://mediaserviceslive.akamaized.net/hls/live/2038316/classicfmnsw/index.m3u8	0	其他
Nightride FM Chillsynth	https://stream.nightride.fm/chillsynth.mp3	0	其他
3AW 693  Melbourne, VIC, Australia Talk AM 693 	https://playerservices.streamtheworld.com/api/livestream-redirect/3AW.mp3	0	其他
Fresh 92.7	https://live.fresh927.com.au/freshaac	0	其他
101 FM - Logan - 101.1 FM (AAC+)	http://playerservices.streamtheworld.com/api/livestream-redirect/4CBLAAC.aac	0	其他
612 ABC Brisbane	https://streaming.abc-cdn.net.au/audio/hls/localbrisbane.m3u8?source=web	0	其他
LiSTNR - 80s New Wave (HLS)	http://sa46.scastream.com.au/live/780snewwave_128.stream/playlist.m3u8	0	其他
Australian Digital Radio Network - Old Time Radio Channel 4 - Films, Horror, Sci Fi, Adventure (MP3)	http://abm21.com.au:8000/CONTAINER5	0	其他
River 94.9	http://playerservices.streamtheworld.com/api/livestream-redirect/IPS_RIVER949AAC.aac	0	其他
70s Classics - Sydney (MP3)	http://stream.zeno.fm/glsntnn7et8vv	0	其他
=KECO=ROCK BALLADS	http://online.radioroks.ua/RadioROKS_Ballads_HD	0	音乐
2AC澳洲华人电台粤语广播	http://s1.voscast.com:10442/stream	0	其他
Smooth FM 91.5 - Melbourne - 91.5 FM (AAC+ 320k)	http://playerservices.streamtheworld.com/api/livestream-redirect/SMOOTH915_AAC320.aac	0	其他
Australian Digital Radio Network - Trip Hop and Acid Jazz (MP3)	http://abm22.com.au:8000/CONTAINER67	0	音乐
Nightride FM	https://stream.nightride.fm/nightride.mp3	0	其他
Buddha	https://legacy.scahw.com.au/2buddha_32	0	其他
105.7 ABC Darwin	https://streaming.abc-cdn.net.au/audio/hls/localdarwin.m3u8?source=web	0	其他
ABC Radio Australia	https://mediaserviceslive.akamaized.net/hls/live/2038266/ramulti/masterhq.m3u8	0	其他
Pure Hits RETRO	http://stream10.as.amplifystreaming.com/radio/8010/retro_128.aac	0	其他
=KECO=70s ROCK 	http://jfm1.hostingradio.ru:14536/rock70.mp3	0	音乐
97.3 Coast FM	https://tls1.coastdev.net/coast-mp3?_=370422	0	其他
LiSTNR - Drum & Bass	https://wz0liw.scahw.com.au/live/drumnbass_128.stream/playlist.m3u8	0	其他
ItaliaFm	http://167.114.174.197:8634/stream	0	其他
ABC 612kHz AM Brisbane QLD Queensland Local Radio 20220701	https://mediaserviceslive.akamaized.net/hls/live/2038304/localbrisbane/masterhq.m3u8	0	其他
ABC Classic FM 20220701	https://mediaserviceslive.akamaized.net/hls/live/2038316/classicfmnsw/masterhq.m3u8	0	其他
Curtin Radio - A lifetime of music	https://usa7.fastcast4u.com/proxy/curtinfm?mp=%2F1	0	音乐
Nova 106.9 - Brisbane - 106.9 FM (AAC+ 320k)	http://playerservices.streamtheworld.com/api/livestream-redirect/NOVA_1069_AAC320.aac	0	其他
Triple M Classic Rock	https://sa47.scastream.com.au/live/2classicrock_128.stream/playlist.m3u8	0	音乐
3RRR Melbourne	http://realtime.rrr.org.au/p1h	0	其他
ABC News Radio	https://mediaserviceslive.akamaized.net/hls/live/2109425/newsradio/v0-221.m3u8	0	新闻
DiscoRhythm	http://c3.radioboss.fm:8018/stream	0	其他
Gold 104.3	https://ais-arn.streamguys1.com/au_004/playlist.m3u8	0	其他
NIGE!	https://ais-arn.streamguys1.com/au_030/playlist.m3u8	0	其他
World Buddhist Radio	https://26343.live.streamtheworld.com/SAM11AAC025.mp3	0	其他
ABC NewsRadio	https://mediaserviceslive.akamaized.net/hls/live/2038311/newsradio/index.m3u8	0	新闻
MIBL Radio — Instrumental	https://www.miblradio.com.au/mibl2	0	其他
LiSTNR - Lofi Study Beats (HLS)	http://sa46.scastream.com.au/live/lo-fi.stream/playlist.m3u8	0	其他
2CC Talking Canberra	https://playerservices.streamtheworld.com/api/livestream-redirect/2CCAAC.aac	0	其他
Fresh 92.7 (192kbps)	https://live.fresh927.com.au/freshmp3	0	其他
